-- phpMyAdmin SQL Dump
-- version 5.1.1
-- https://www.phpmyadmin.net/
--
-- Host: 127.0.0.1
-- Generation Time: Jun 28, 2021 at 09:13 PM
-- Server version: 10.4.19-MariaDB
-- PHP Version: 8.0.7

SET SQL_MODE = "NO_AUTO_VALUE_ON_ZERO";
START TRANSACTION;
SET time_zone = "+00:00";


/*!40101 SET @OLD_CHARACTER_SET_CLIENT=@@CHARACTER_SET_CLIENT */;
/*!40101 SET @OLD_CHARACTER_SET_RESULTS=@@CHARACTER_SET_RESULTS */;
/*!40101 SET @OLD_COLLATION_CONNECTION=@@COLLATION_CONNECTION */;
/*!40101 SET NAMES utf8mb4 */;

--
-- Database: `hotel`
--

-- --------------------------------------------------------

--
-- Table structure for table `clients`
--

CREATE TABLE `clients` (
  `NFC_ID` int(11) UNSIGNED NOT NULL,
  `Name` varchar(20) NOT NULL,
  `Surname` varchar(20) NOT NULL,
  `Birthdate` date NOT NULL,
  `ID_Num` varchar(15) NOT NULL,
  `ID_Type` varchar(20) NOT NULL,
  `ID_Issuer` varchar(25) NOT NULL
) ENGINE=InnoDB DEFAULT CHARSET=utf8mb4;

--
-- Dumping data for table `clients`
--

INSERT INTO `clients` (`NFC_ID`, `Name`, `Surname`, `Birthdate`, `ID_Num`, `ID_Type`, `ID_Issuer`) VALUES
(1, 'Ioanna', 'Aggelopoulou', '1966-03-06', 'AM419959', 'Identity Card', 'T.A HAIDARIOU'),
(2, 'Anastasia', 'Aggelopoulou', '1965-01-20', 'AM732469', 'Identity Card', 'T.A. THESSALONIKIS'),
(3, 'Panagiota', 'Papadaki', '1993-12-15', 'BE7906494', 'Passport', 'T.A. PATRWN'),
(4, 'Dimitrios', 'Samaras', '1955-12-30', 'BE9507929', 'Passport', 'T.A. XANIWN'),
(5, 'Maria', 'Varvaritou', '1998-08-21', 'BE9954208', 'Passport', 'T.A. VOLOU'),
(6, 'Ioannis', 'Agaphtos', '1972-11-20', 'BE5234762', 'Passport', 'T.A. ZWGRAFOY'),
(7, 'Dimitra', 'Zaragka', '1976-01-12', 'BE4356553', 'Passport', 'T.A. XANIWN'),
(8, 'Konstantinos', 'Euaggelatos', '1961-08-01', 'BE9039826', 'Passport', 'T.A. XANIWN'),
(9, 'Eirhnh', 'Papadaki', '1990-02-01', 'BE9735351', 'Passport', 'T.A. VOLOU'),
(10, 'Nikolaos', 'Samaras', '1961-11-11', 'AM263365', 'Identity Card', 'T.A. ATHINWN'),
(11, 'Vasiliki', 'Varvaritou', '1971-04-28', 'AM464206', 'Identity Card', 'T.A. TRIKALWN'),
(12, 'Athanasios', 'Samaras', '1973-11-14', 'BE5364407', 'Passport', 'T.A. THESSALONIKIS'),
(13, 'Ioannis', 'Euaggelatos', '1977-06-20', 'AM504803', 'Identity Card', 'T.A HAIDARIOU'),
(14, 'Xristina', 'Oikonomou', '1975-11-09', 'AM701214', 'Identity Card', 'T.A. THESSALONIKIS'),
(15, 'Vasileios', 'Samaras', '1960-05-15', 'AM293754', 'Identity Card', 'T.A HAIDARIOU'),
(16, 'Antwnios', 'Xristoforou', '1962-05-23', 'AM409560', 'Identity Card', 'T.A. XANIWN'),
(17, 'Georgios', 'Dhmos', '1953-06-02', 'AM132704', 'Identity Card', 'T.A. VOLOU'),
(18, 'Eirhnh', 'Eleutherioy', '1986-11-17', 'BE5557042', 'Passport', 'T.A. IOANNINWN'),
(19, 'Ioannis', 'Oikonomoy', '1986-07-15', 'AM449905', 'Identity Card', 'T.A. TRIKALWN');

-- --------------------------------------------------------

--
-- Stand-in structure for view `client_info`
-- (See below for the actual view)
--
CREATE TABLE `client_info` (
`NFC_ID` int(11) unsigned
,`Name` varchar(20)
,`Surname` varchar(20)
,`Birthdate` date
,`ID_Num` varchar(15)
,`ID_type` varchar(20)
,`ID_Issuer` varchar(25)
,`Email` varchar(50)
,`Phone` bigint(10) unsigned
);

-- --------------------------------------------------------

--
-- Table structure for table `client_mail`
--

CREATE TABLE `client_mail` (
  `NFC_ID` int(11) UNSIGNED NOT NULL,
  `Email` varchar(50) NOT NULL
) ENGINE=InnoDB DEFAULT CHARSET=utf8mb4;

--
-- Dumping data for table `client_mail`
--

INSERT INTO `client_mail` (`NFC_ID`, `Email`) VALUES
(1, 'ioannaaggelopoulou@mail.com'),
(2, 'anastasiaaggelopoulou@mail.com'),
(3, 'panagiotapapadaki@mail.com'),
(4, 'dimitriossamaras@mail.com'),
(5, 'mariavarvaritou@mail.com'),
(6, 'ioannisagaphtos@mail.com'),
(7, 'dimitrazaragka@mail.com'),
(8, 'konstantinoseuaggelatos2@mail.com'),
(8, 'konstantinoseuaggelatos@mail.com'),
(9, 'eirhnhpapadaki@mail.com'),
(10, 'nikolaossamaras@mail.com'),
(11, 'vasilikivarvaritou@mail.com'),
(12, 'athanasiossamaras@mail.com'),
(13, 'ioanniseuaggelatos@mail.com'),
(14, 'xristinaoikonomou@mail.com'),
(15, 'vasileiossamaras@mail.com'),
(16, 'antwniosxristoforou@mail.com'),
(17, 'georgiosdhmos@mail.com'),
(18, 'eirhnheleutherioy@mail.com'),
(19, 'ioannisoikonomoy@mail.com');

-- --------------------------------------------------------

--
-- Table structure for table `client_phone`
--

CREATE TABLE `client_phone` (
  `NFC_ID` int(11) UNSIGNED NOT NULL,
  `Phone` bigint(10) UNSIGNED NOT NULL
) ENGINE=InnoDB DEFAULT CHARSET=utf8mb4;

--
-- Dumping data for table `client_phone`
--

INSERT INTO `client_phone` (`NFC_ID`, `Phone`) VALUES
(1, 6965480321),
(2, 6929716592),
(3, 6943994502),
(3, 6945123678),
(4, 6960533024),
(5, 6994348656),
(6, 6926508961),
(7, 6904723322),
(8, 6904692555),
(8, 6977788442),
(9, 6955023371),
(10, 6960641454),
(11, 6943632196),
(12, 6970097736),
(13, 6990405401),
(14, 6927473527),
(15, 6928423147),
(15, 6985471236),
(16, 6989384745),
(17, 6966136121),
(17, 6988652341),
(18, 6967721599),
(18, 6985642876),
(19, 6975891305);

-- --------------------------------------------------------

--
-- Table structure for table `has_access`
--

CREATE TABLE `has_access` (
  `NFC_ID` int(11) UNSIGNED NOT NULL,
  `Place_ID` int(11) UNSIGNED NOT NULL,
  `Start_Time` time NOT NULL,
  `Finish_Time` time NOT NULL,
  `Start_Date` date NOT NULL,
  `Finish_Date` date NOT NULL
) ENGINE=InnoDB DEFAULT CHARSET=utf8mb4;

--
-- Dumping data for table `has_access`
--

INSERT INTO `has_access` (`NFC_ID`, `Place_ID`, `Start_Time`, `Finish_Time`, `Start_Date`, `Finish_Date`) VALUES
(1, 5, '03:48:00', '03:51:00', '2021-06-23', '2021-06-23'),
(1, 6, '21:44:00', '02:53:00', '2021-06-13', '2021-06-14'),
(1, 7, '17:24:00', '17:27:00', '2021-06-04', '2021-06-04'),
(1, 8, '17:45:00', '17:45:00', '2021-06-09', '2021-06-09'),
(1, 9, '12:10:00', '12:31:00', '2021-06-06', '2021-06-06'),
(1, 10, '20:06:00', '20:30:00', '2021-06-04', '2021-06-04'),
(1, 11, '08:10:00', '08:18:00', '2021-06-14', '2021-06-14'),
(1, 12, '01:15:00', '01:20:00', '2021-06-13', '2021-06-13'),
(1, 13, '01:18:00', '01:36:00', '2021-06-26', '2021-06-26'),
(1, 14, '07:19:00', '07:32:00', '2021-07-11', '2021-07-11'),
(1, 15, '11:17:00', '11:33:00', '2021-07-03', '2021-07-03'),
(1, 16, '08:01:00', '08:30:00', '2021-09-27', '2021-09-27'),
(1, 17, '12:26:00', '12:56:00', '2021-09-04', '2021-09-04'),
(1, 18, '10:10:00', '10:45:00', '2021-06-19', '2021-06-19'),
(1, 19, '15:45:00', '15:58:00', '2021-03-08', '2021-03-08'),
(1, 21, '05:05:00', '05:53:00', '2021-06-06', '2021-06-06'),
(1, 22, '11:13:00', '11:29:00', '2021-06-04', '2021-06-04'),
(1, 28, '10:29:00', '10:42:00', '2021-06-10', '2021-06-10'),
(1, 31, '10:35:00', '10:40:00', '2021-06-21', '2021-06-21'),
(1, 32, '00:05:00', '01:33:00', '2021-06-06', '2021-06-06'),
(1, 40, '02:44:00', '02:57:00', '2021-03-15', '2021-03-15'),
(1, 41, '13:00:00', '15:00:00', '2021-05-12', '2021-06-18'),
(2, 3, '07:23:00', '07:51:00', '2021-06-24', '2021-06-24'),
(2, 5, '09:42:00', '09:48:00', '2021-06-10', '2021-06-10'),
(2, 6, '09:46:00', '09:52:00', '2021-06-25', '2021-06-25'),
(2, 7, '14:35:00', '14:47:00', '2021-06-15', '2021-06-15'),
(2, 8, '01:34:00', '01:36:00', '2021-06-04', '2021-06-04'),
(2, 9, '22:00:00', '01:07:00', '2021-06-19', '2021-06-20'),
(2, 10, '16:19:00', '16:24:00', '2021-06-18', '2021-06-18'),
(2, 11, '19:20:00', '19:30:00', '2021-06-14', '2021-06-14'),
(2, 12, '21:42:00', '00:42:00', '2021-06-12', '2021-06-13'),
(2, 13, '06:10:00', '06:57:00', '2021-06-19', '2021-06-19'),
(2, 14, '22:39:00', '01:42:00', '2021-07-13', '2021-07-14'),
(2, 15, '08:09:00', '08:44:00', '2021-07-04', '2021-07-04'),
(2, 16, '22:33:00', '02:56:00', '2021-08-12', '2021-08-13'),
(2, 17, '12:19:00', '12:58:00', '2021-11-21', '2021-11-21'),
(2, 18, '07:17:00', '07:45:00', '2021-11-26', '2021-11-26'),
(2, 19, '00:51:00', '01:53:00', '2021-09-02', '2021-09-02'),
(2, 20, '19:54:00', '19:56:00', '2021-06-07', '2021-06-07'),
(2, 22, '11:47:00', '11:48:00', '2021-06-04', '2021-06-04'),
(2, 23, '10:15:00', '10:40:00', '2021-06-10', '2021-06-10'),
(2, 27, '20:49:00', '20:54:00', '2021-06-05', '2021-06-05'),
(2, 34, '10:37:00', '10:49:00', '2021-06-03', '2021-06-03'),
(2, 36, '17:06:00', '17:36:00', '2021-06-27', '2021-06-27'),
(2, 40, '01:48:00', '01:49:00', '2021-04-03', '2021-04-03'),
(2, 42, '15:30:00', '18:00:00', '2021-06-30', '2021-07-07'),
(3, 1, '01:03:00', '01:15:00', '2021-06-24', '2021-06-24'),
(3, 2, '23:10:00', '00:39:00', '2021-06-20', '2021-06-21'),
(3, 5, '01:42:00', '01:44:00', '2021-06-19', '2021-06-19'),
(3, 6, '02:33:00', '02:58:00', '2021-06-07', '2021-06-07'),
(3, 7, '20:39:00', '20:57:00', '2021-06-05', '2021-06-05'),
(3, 8, '06:22:00', '06:48:00', '2021-06-08', '2021-06-08'),
(3, 9, '20:14:00', '20:45:00', '2021-06-03', '2021-06-03'),
(3, 10, '17:15:00', '17:35:00', '2021-06-08', '2021-06-08'),
(3, 11, '16:43:00', '16:52:00', '2021-06-27', '2021-06-27'),
(3, 12, '22:15:00', '01:26:00', '2021-06-05', '2021-06-06'),
(3, 13, '23:39:00', '02:55:00', '2021-06-09', '2021-06-10'),
(3, 14, '02:24:00', '02:26:00', '2021-07-09', '2021-07-09'),
(3, 15, '07:03:00', '07:32:00', '2021-07-14', '2021-07-14'),
(3, 16, '13:42:00', '13:47:00', '2021-11-17', '2021-11-17'),
(3, 17, '13:06:00', '13:53:00', '2021-03-16', '2021-03-16'),
(3, 18, '13:05:00', '13:24:00', '2021-07-04', '2021-07-04'),
(3, 19, '17:07:00', '17:07:00', '2021-05-23', '2021-05-23'),
(3, 22, '20:11:00', '20:30:00', '2021-06-26', '2021-06-26'),
(3, 28, '22:52:00', '00:55:00', '2021-06-08', '2021-06-09'),
(3, 30, '07:24:00', '07:30:00', '2021-06-26', '2021-06-26'),
(3, 31, '05:30:00', '05:55:00', '2021-06-12', '2021-06-12'),
(3, 33, '23:48:00', '00:54:00', '2021-06-20', '2021-06-21'),
(3, 36, '01:03:00', '01:04:00', '2021-06-18', '2021-06-18'),
(3, 40, '09:22:00', '09:37:00', '2021-04-20', '2021-04-20'),
(3, 43, '15:30:00', '14:00:00', '2021-06-09', '2021-06-22'),
(4, 1, '21:46:00', '01:50:00', '2021-06-05', '2021-06-06'),
(4, 2, '11:49:00', '11:51:00', '2021-06-25', '2021-06-25'),
(4, 3, '23:38:00', '01:43:00', '2021-06-20', '2021-06-21'),
(4, 4, '23:50:00', '01:51:00', '2021-06-19', '2021-06-20'),
(4, 5, '05:20:00', '05:48:00', '2021-06-04', '2021-06-04'),
(4, 6, '12:33:00', '12:49:00', '2021-06-16', '2021-06-16'),
(4, 7, '15:30:00', '15:30:00', '2021-06-13', '2021-06-13'),
(4, 8, '21:24:00', '00:51:00', '2021-06-14', '2021-06-15'),
(4, 9, '06:57:00', '06:57:00', '2021-06-04', '2021-06-04'),
(4, 10, '10:00:00', '10:25:00', '2021-06-15', '2021-06-15'),
(4, 11, '23:36:00', '02:42:00', '2021-06-16', '2021-06-17'),
(4, 12, '04:29:00', '04:46:00', '2021-06-02', '2021-06-02'),
(4, 13, '12:52:00', '12:52:00', '2021-06-16', '2021-06-16'),
(4, 14, '11:04:00', '11:34:00', '2021-07-10', '2021-07-10'),
(4, 15, '17:28:00', '17:54:00', '2021-07-18', '2021-07-18'),
(4, 16, '19:05:00', '19:41:00', '2021-07-17', '2021-07-17'),
(4, 17, '19:22:00', '19:43:00', '2021-09-03', '2021-09-03'),
(4, 18, '23:07:00', '01:20:00', '2021-02-07', '2021-02-08'),
(4, 19, '20:32:00', '20:41:00', '2021-08-22', '2021-08-22'),
(4, 21, '16:57:00', '16:58:00', '2021-06-06', '2021-06-06'),
(4, 25, '23:39:00', '00:55:00', '2021-06-07', '2021-06-08'),
(4, 28, '16:18:00', '16:32:00', '2021-06-10', '2021-06-10'),
(4, 34, '06:41:00', '06:44:00', '2021-06-15', '2021-06-15'),
(4, 40, '12:02:00', '12:54:00', '2021-02-17', '2021-02-17'),
(4, 44, '14:00:00', '18:00:00', '2021-06-13', '2021-06-19'),
(5, 2, '03:08:00', '03:09:00', '2021-06-21', '2021-06-21'),
(5, 4, '00:50:00', '02:54:00', '2021-06-22', '2021-06-22'),
(5, 5, '12:48:00', '12:58:00', '2021-06-14', '2021-06-14'),
(5, 6, '23:05:00', '00:55:00', '2021-06-08', '2021-06-09'),
(5, 7, '13:06:00', '13:48:00', '2021-06-07', '2021-06-07'),
(5, 8, '10:47:00', '10:57:00', '2021-06-05', '2021-06-05'),
(5, 9, '22:35:00', '00:56:00', '2021-06-05', '2021-06-06'),
(5, 10, '02:29:00', '02:58:00', '2021-06-10', '2021-06-10'),
(5, 11, '02:33:00', '02:49:00', '2021-06-23', '2021-06-23'),
(5, 12, '04:50:00', '04:50:00', '2021-06-23', '2021-06-23'),
(5, 13, '05:14:00', '05:22:00', '2021-06-04', '2021-06-04'),
(5, 14, '21:05:00', '00:06:00', '2021-07-12', '2021-07-13'),
(5, 15, '06:10:00', '06:11:00', '2021-07-14', '2021-07-14'),
(5, 16, '06:15:00', '06:20:00', '2021-05-03', '2021-05-03'),
(5, 17, '04:28:00', '04:52:00', '2021-09-15', '2021-09-15'),
(5, 18, '13:20:00', '13:54:00', '2021-06-27', '2021-06-27'),
(5, 19, '11:08:00', '11:57:00', '2021-10-22', '2021-10-22'),
(5, 21, '14:31:00', '14:44:00', '2021-06-17', '2021-06-17'),
(5, 23, '11:33:00', '11:35:00', '2021-06-10', '2021-06-10'),
(5, 24, '06:19:00', '06:31:00', '2021-06-22', '2021-06-22'),
(5, 27, '07:21:00', '07:31:00', '2021-06-07', '2021-06-07'),
(5, 29, '02:30:00', '02:58:00', '2021-06-14', '2021-06-14'),
(5, 33, '15:51:00', '15:53:00', '2021-06-26', '2021-06-26'),
(5, 36, '08:58:00', '08:58:00', '2021-06-03', '2021-06-03'),
(5, 40, '16:32:00', '16:58:00', '2021-10-26', '2021-10-26'),
(5, 45, '10:00:00', '12:00:00', '2021-06-01', '2021-06-12'),
(6, 5, '11:10:00', '11:46:00', '2021-06-07', '2021-06-07'),
(6, 6, '13:11:00', '13:57:00', '2021-06-12', '2021-06-12'),
(6, 7, '01:37:00', '01:41:00', '2021-06-22', '2021-06-22'),
(6, 8, '00:04:00', '02:36:00', '2021-06-09', '2021-06-09'),
(6, 9, '05:10:00', '05:33:00', '2021-06-02', '2021-06-02'),
(6, 10, '08:48:00', '08:56:00', '2021-06-17', '2021-06-17'),
(6, 11, '04:49:00', '04:54:00', '2021-06-13', '2021-06-13'),
(6, 12, '19:56:00', '19:57:00', '2021-06-27', '2021-06-27'),
(6, 13, '21:26:00', '00:54:00', '2021-06-17', '2021-06-18'),
(6, 14, '15:00:00', '15:51:00', '2021-07-19', '2021-07-19'),
(6, 15, '13:04:00', '13:10:00', '2021-07-04', '2021-07-04'),
(6, 16, '10:07:00', '10:15:00', '2021-09-25', '2021-09-25'),
(6, 17, '00:39:00', '01:45:00', '2021-02-23', '2021-02-23'),
(6, 18, '23:14:00', '00:16:00', '2021-01-19', '2021-01-20'),
(6, 19, '05:33:00', '05:51:00', '2021-07-25', '2021-07-25'),
(6, 22, '07:39:00', '07:44:00', '2021-06-13', '2021-06-13'),
(6, 24, '08:13:00', '08:26:00', '2021-06-27', '2021-06-27'),
(6, 29, '13:34:00', '13:40:00', '2021-06-16', '2021-06-16'),
(6, 30, '19:36:00', '19:40:00', '2021-06-12', '2021-06-12'),
(6, 35, '19:57:00', '19:58:00', '2021-06-15', '2021-06-15'),
(6, 36, '12:02:00', '12:21:00', '2021-06-06', '2021-06-06'),
(6, 38, '09:50:00', '09:50:00', '2021-06-04', '2021-06-04'),
(6, 40, '12:35:00', '12:37:00', '2021-11-22', '2021-11-22'),
(6, 46, '15:00:00', '14:00:00', '2021-06-12', '2021-06-18'),
(7, 1, '20:56:00', '20:57:00', '2021-06-02', '2021-06-02'),
(7, 5, '00:01:00', '02:28:00', '2021-06-02', '2021-06-02'),
(7, 6, '20:31:00', '20:41:00', '2021-06-10', '2021-06-10'),
(7, 7, '19:29:00', '19:38:00', '2021-06-08', '2021-06-08'),
(7, 8, '02:23:00', '02:32:00', '2021-06-14', '2021-06-14'),
(7, 9, '22:46:00', '00:56:00', '2021-06-06', '2021-06-07'),
(7, 10, '03:01:00', '03:09:00', '2021-06-05', '2021-06-05'),
(7, 11, '20:13:00', '20:22:00', '2021-06-23', '2021-06-23'),
(7, 12, '05:11:00', '05:16:00', '2021-06-17', '2021-06-17'),
(7, 13, '02:19:00', '02:52:00', '2021-06-25', '2021-06-25'),
(7, 14, '17:56:00', '17:57:00', '2021-07-06', '2021-07-06'),
(7, 15, '06:26:00', '06:33:00', '2021-07-13', '2021-07-13'),
(7, 16, '12:12:00', '12:20:00', '2021-05-16', '2021-05-16'),
(7, 17, '18:53:00', '18:57:00', '2021-03-14', '2021-03-14'),
(7, 18, '08:32:00', '08:35:00', '2021-11-02', '2021-11-02'),
(7, 19, '11:41:00', '11:42:00', '2021-11-12', '2021-11-12'),
(7, 22, '21:50:00', '00:58:00', '2021-06-06', '2021-06-07'),
(7, 23, '10:28:00', '10:39:00', '2021-06-09', '2021-06-09'),
(7, 25, '06:50:00', '06:54:00', '2021-06-13', '2021-06-13'),
(7, 26, '18:37:00', '18:37:00', '2021-06-10', '2021-06-10'),
(7, 34, '10:04:00', '10:30:00', '2021-06-12', '2021-06-12'),
(7, 39, '09:46:00', '09:56:00', '2021-06-03', '2021-06-03'),
(7, 40, '22:45:00', '01:57:00', '2021-09-15', '2021-09-16'),
(7, 47, '15:00:00', '14:00:00', '2021-06-07', '2021-06-14'),
(8, 1, '22:05:00', '01:17:00', '2021-06-04', '2021-06-05'),
(8, 3, '23:28:00', '01:31:00', '2021-06-22', '2021-06-23'),
(8, 5, '02:08:00', '02:56:00', '2021-06-04', '2021-06-04'),
(8, 6, '00:48:00', '01:57:00', '2021-06-18', '2021-06-18'),
(8, 7, '22:00:00', '02:08:00', '2021-06-14', '2021-06-15'),
(8, 8, '09:55:00', '09:58:00', '2021-06-13', '2021-06-13'),
(8, 9, '20:47:00', '20:58:00', '2021-06-14', '2021-06-14'),
(8, 10, '22:40:00', '01:43:00', '2021-06-10', '2021-06-11'),
(8, 11, '20:50:00', '20:50:00', '2021-06-15', '2021-06-15'),
(8, 12, '06:51:00', '06:52:00', '2021-06-21', '2021-06-21'),
(8, 13, '20:16:00', '20:47:00', '2021-06-04', '2021-06-04'),
(8, 14, '07:04:00', '07:45:00', '2021-07-23', '2021-07-23'),
(8, 15, '19:48:00', '19:49:00', '2021-07-04', '2021-07-04'),
(8, 16, '10:45:00', '10:48:00', '2021-07-18', '2021-07-18'),
(8, 17, '22:29:00', '00:43:00', '2021-07-04', '2021-07-05'),
(8, 18, '16:58:00', '16:58:00', '2021-08-03', '2021-08-03'),
(8, 19, '10:58:00', '10:58:00', '2021-06-08', '2021-06-08'),
(8, 21, '07:11:00', '07:28:00', '2021-06-27', '2021-06-27'),
(8, 25, '16:37:00', '16:45:00', '2021-06-27', '2021-06-27'),
(8, 29, '08:13:00', '08:41:00', '2021-06-09', '2021-06-09'),
(8, 34, '10:52:00', '10:54:00', '2021-06-04', '2021-06-04'),
(8, 36, '08:26:00', '08:38:00', '2021-06-10', '2021-06-10'),
(8, 38, '06:23:00', '06:26:00', '2021-06-04', '2021-06-04'),
(8, 40, '02:50:00', '02:57:00', '2021-11-21', '2021-11-21'),
(8, 48, '15:00:00', '14:00:00', '2021-06-08', '2021-06-15'),
(9, 3, '15:00:00', '15:43:00', '2021-06-19', '2021-06-19'),
(9, 4, '22:55:00', '02:56:00', '2021-06-02', '2021-06-03'),
(9, 5, '17:58:00', '17:58:00', '2021-06-10', '2021-06-10'),
(9, 6, '04:17:00', '04:17:00', '2021-06-27', '2021-06-27'),
(9, 7, '08:09:00', '08:45:00', '2021-06-04', '2021-06-04'),
(9, 8, '13:09:00', '13:21:00', '2021-06-24', '2021-06-24'),
(9, 9, '00:17:00', '00:39:00', '2021-06-10', '2021-06-10'),
(9, 10, '22:37:00', '02:47:00', '2021-06-15', '2021-06-16'),
(9, 11, '12:57:00', '12:57:00', '2021-06-22', '2021-06-22'),
(9, 12, '02:43:00', '02:54:00', '2021-06-08', '2021-06-08'),
(9, 13, '19:24:00', '19:28:00', '2021-06-11', '2021-06-11'),
(9, 14, '11:50:00', '11:51:00', '2021-07-24', '2021-07-24'),
(9, 15, '09:47:00', '09:55:00', '2021-07-07', '2021-07-07'),
(9, 16, '20:23:00', '20:31:00', '2021-11-04', '2021-11-04'),
(9, 17, '07:37:00', '07:53:00', '2021-05-15', '2021-05-15'),
(9, 18, '10:36:00', '10:39:00', '2021-10-24', '2021-10-24'),
(9, 19, '21:05:00', '02:09:00', '2021-03-16', '2021-03-17'),
(9, 21, '18:01:00', '18:01:00', '2021-06-05', '2021-06-05'),
(9, 26, '07:43:00', '07:55:00', '2021-06-23', '2021-06-23'),
(9, 28, '05:44:00', '05:53:00', '2021-06-04', '2021-06-04'),
(9, 30, '16:02:00', '16:02:00', '2021-06-05', '2021-06-05'),
(9, 31, '02:56:00', '02:58:00', '2021-06-04', '2021-06-04'),
(9, 32, '01:55:00', '01:58:00', '2021-06-15', '2021-06-15'),
(9, 35, '00:32:00', '02:57:00', '2021-06-24', '2021-06-24'),
(9, 40, '21:48:00', '01:50:00', '2021-11-26', '2021-11-27'),
(9, 49, '15:00:00', '14:00:00', '2021-06-09', '2021-06-16'),
(10, 3, '23:29:00', '02:41:00', '2021-06-20', '2021-06-21'),
(10, 5, '03:46:00', '03:52:00', '2021-06-14', '2021-06-14'),
(10, 6, '08:07:00', '08:19:00', '2021-06-26', '2021-06-26'),
(10, 7, '08:30:00', '08:32:00', '2021-06-10', '2021-06-10'),
(10, 8, '23:12:00', '02:28:00', '2021-06-01', '2021-06-02'),
(10, 9, '09:04:00', '09:36:00', '2021-06-11', '2021-06-11'),
(10, 10, '16:23:00', '16:38:00', '2021-06-22', '2021-06-22'),
(10, 11, '07:03:00', '07:07:00', '2021-06-17', '2021-06-17'),
(10, 12, '22:05:00', '01:40:00', '2021-06-19', '2021-06-20'),
(10, 13, '10:57:00', '10:57:00', '2021-06-09', '2021-06-09'),
(10, 14, '23:05:00', '01:19:00', '2021-07-11', '2021-07-12'),
(10, 15, '12:06:00', '12:10:00', '2021-07-11', '2021-07-11'),
(10, 16, '04:35:00', '04:36:00', '2021-04-24', '2021-04-24'),
(10, 17, '18:43:00', '18:54:00', '2021-06-06', '2021-06-06'),
(10, 18, '03:24:00', '03:28:00', '2021-05-21', '2021-05-21'),
(10, 19, '02:32:00', '02:46:00', '2021-01-21', '2021-01-21'),
(10, 23, '06:54:00', '06:54:00', '2021-06-01', '2021-06-01'),
(10, 24, '12:38:00', '12:53:00', '2021-06-19', '2021-06-19'),
(10, 26, '18:23:00', '18:23:00', '2021-06-19', '2021-06-19'),
(10, 27, '13:55:00', '13:56:00', '2021-06-10', '2021-06-10'),
(10, 28, '15:01:00', '15:32:00', '2021-06-08', '2021-06-08'),
(10, 30, '17:23:00', '17:41:00', '2021-06-09', '2021-06-09'),
(10, 32, '12:41:00', '12:45:00', '2021-06-22', '2021-06-22'),
(10, 35, '14:34:00', '14:51:00', '2021-06-08', '2021-06-08'),
(10, 40, '20:06:00', '20:34:00', '2021-10-12', '2021-10-12'),
(10, 50, '15:00:00', '14:00:00', '2021-06-10', '2021-06-17'),
(11, 4, '04:08:00', '04:15:00', '2021-06-16', '2021-06-16'),
(11, 5, '07:33:00', '07:47:00', '2021-06-15', '2021-06-15'),
(11, 6, '10:29:00', '10:55:00', '2021-06-15', '2021-06-15'),
(11, 7, '21:11:00', '02:41:00', '2021-06-15', '2021-06-16'),
(11, 8, '14:02:00', '14:29:00', '2021-06-26', '2021-06-26'),
(11, 9, '01:26:00', '01:52:00', '2021-06-19', '2021-06-19'),
(11, 10, '00:13:00', '00:18:00', '2021-06-10', '2021-06-10'),
(11, 11, '09:23:00', '09:29:00', '2021-06-25', '2021-06-25'),
(11, 12, '22:49:00', '01:51:00', '2021-06-24', '2021-06-25'),
(11, 13, '11:25:00', '11:56:00', '2021-06-10', '2021-06-10'),
(11, 14, '01:29:00', '01:49:00', '2021-07-09', '2021-07-09'),
(11, 15, '07:38:00', '07:52:00', '2021-07-21', '2021-07-21'),
(11, 16, '05:01:00', '05:03:00', '2021-08-17', '2021-08-17'),
(11, 17, '12:53:00', '12:58:00', '2021-08-26', '2021-08-26'),
(11, 18, '07:32:00', '07:58:00', '2021-10-04', '2021-10-04'),
(11, 19, '05:18:00', '05:40:00', '2021-06-23', '2021-06-23'),
(11, 22, '12:04:00', '12:44:00', '2021-06-25', '2021-06-25'),
(11, 29, '13:52:00', '13:52:00', '2021-06-23', '2021-06-23'),
(11, 30, '02:32:00', '02:57:00', '2021-06-16', '2021-06-16'),
(11, 31, '13:32:00', '13:33:00', '2021-06-14', '2021-06-14'),
(11, 32, '06:41:00', '06:53:00', '2021-06-05', '2021-06-05'),
(11, 36, '16:15:00', '16:23:00', '2021-06-04', '2021-06-04'),
(11, 37, '01:18:00', '01:57:00', '2021-06-24', '2021-06-24'),
(11, 40, '05:16:00', '05:28:00', '2021-07-16', '2021-07-16'),
(11, 51, '15:00:00', '14:00:00', '2021-06-11', '2021-06-18'),
(12, 5, '21:19:00', '02:51:00', '2021-06-11', '2021-06-12'),
(12, 6, '05:26:00', '05:45:00', '2021-06-17', '2021-06-17'),
(12, 7, '00:17:00', '00:39:00', '2021-06-12', '2021-06-12'),
(12, 8, '14:41:00', '14:47:00', '2021-06-22', '2021-06-22'),
(12, 9, '03:44:00', '03:58:00', '2021-06-25', '2021-06-25'),
(12, 10, '00:42:00', '01:54:00', '2021-06-26', '2021-06-26'),
(12, 11, '01:20:00', '01:33:00', '2021-06-07', '2021-06-07'),
(12, 12, '21:37:00', '00:52:00', '2021-06-27', '2021-06-28'),
(12, 13, '22:43:00', '01:44:00', '2021-06-26', '2021-06-27'),
(12, 14, '22:05:00', '01:16:00', '2021-07-23', '2021-07-24'),
(12, 15, '10:21:00', '10:52:00', '2021-07-09', '2021-07-09'),
(12, 16, '09:44:00', '09:54:00', '2021-10-08', '2021-10-08'),
(12, 17, '18:31:00', '18:38:00', '2021-10-12', '2021-10-12'),
(12, 18, '12:12:00', '12:43:00', '2021-10-16', '2021-10-16'),
(12, 19, '12:28:00', '12:28:00', '2021-03-13', '2021-03-13'),
(12, 21, '11:23:00', '11:26:00', '2021-06-22', '2021-06-22'),
(12, 23, '17:48:00', '17:53:00', '2021-06-05', '2021-06-05'),
(12, 24, '09:57:00', '09:58:00', '2021-06-27', '2021-06-27'),
(12, 28, '05:18:00', '05:29:00', '2021-06-07', '2021-06-07'),
(12, 31, '01:07:00', '01:51:00', '2021-06-20', '2021-06-20'),
(12, 33, '08:04:00', '08:23:00', '2021-06-03', '2021-06-03'),
(12, 34, '03:19:00', '03:24:00', '2021-06-05', '2021-06-05'),
(12, 36, '04:06:00', '04:11:00', '2021-06-05', '2021-06-05'),
(12, 37, '02:37:00', '02:44:00', '2021-06-26', '2021-06-26'),
(12, 40, '02:53:00', '02:53:00', '2021-04-19', '2021-04-19'),
(12, 52, '15:00:00', '14:00:00', '2021-06-12', '2021-06-19'),
(13, 2, '15:22:00', '15:27:00', '2021-06-13', '2021-06-13'),
(13, 3, '19:10:00', '19:40:00', '2021-06-13', '2021-06-13'),
(13, 5, '22:51:00', '02:52:00', '2021-06-26', '2021-06-27'),
(13, 6, '12:32:00', '12:44:00', '2021-06-16', '2021-06-16'),
(13, 7, '04:23:00', '04:39:00', '2021-06-01', '2021-06-01'),
(13, 8, '13:38:00', '13:39:00', '2021-06-02', '2021-06-02'),
(13, 9, '15:32:00', '15:55:00', '2021-06-19', '2021-06-19'),
(13, 10, '09:53:00', '09:56:00', '2021-06-15', '2021-06-15'),
(13, 11, '06:24:00', '06:27:00', '2021-06-02', '2021-06-02'),
(13, 12, '21:33:00', '01:56:00', '2021-06-10', '2021-06-11'),
(13, 13, '20:52:00', '20:56:00', '2021-06-16', '2021-06-16'),
(13, 14, '02:21:00', '02:43:00', '2021-07-21', '2021-07-21'),
(13, 15, '05:28:00', '05:58:00', '2021-07-05', '2021-07-05'),
(13, 16, '09:24:00', '09:30:00', '2021-10-21', '2021-10-21'),
(13, 17, '12:02:00', '12:42:00', '2021-05-22', '2021-05-22'),
(13, 18, '07:32:00', '07:32:00', '2021-08-04', '2021-08-04'),
(13, 19, '00:08:00', '00:36:00', '2021-02-03', '2021-02-03'),
(13, 21, '04:48:00', '04:48:00', '2021-06-17', '2021-06-17'),
(13, 22, '01:23:00', '01:43:00', '2021-06-11', '2021-06-11'),
(13, 24, '09:40:00', '09:47:00', '2021-06-25', '2021-06-25'),
(13, 27, '09:52:00', '09:58:00', '2021-06-08', '2021-06-08'),
(13, 32, '17:56:00', '17:57:00', '2021-06-01', '2021-06-01'),
(13, 36, '20:50:00', '20:50:00', '2021-06-11', '2021-06-11'),
(13, 38, '08:42:00', '08:55:00', '2021-06-16', '2021-06-16'),
(13, 40, '13:57:00', '13:57:00', '2021-02-02', '2021-02-02'),
(13, 53, '15:00:00', '14:00:00', '2021-06-13', '2021-06-20'),
(14, 2, '16:15:00', '16:33:00', '2021-06-14', '2021-06-14'),
(14, 5, '23:22:00', '01:30:00', '2021-06-24', '2021-06-25'),
(14, 6, '17:47:00', '17:51:00', '2021-06-05', '2021-06-05'),
(14, 7, '21:01:00', '00:41:00', '2021-06-06', '2021-06-07'),
(14, 8, '21:05:00', '00:34:00', '2021-06-27', '2021-06-28'),
(14, 9, '01:40:00', '01:42:00', '2021-06-05', '2021-06-05'),
(14, 10, '23:31:00', '00:45:00', '2021-06-12', '2021-06-13'),
(14, 11, '14:03:00', '14:22:00', '2021-06-03', '2021-06-03'),
(14, 12, '02:56:00', '02:57:00', '2021-06-15', '2021-06-15'),
(14, 13, '19:56:00', '19:56:00', '2021-06-02', '2021-06-02'),
(14, 14, '11:38:00', '11:58:00', '2021-07-21', '2021-07-21'),
(14, 15, '22:47:00', '00:58:00', '2021-07-04', '2021-07-05'),
(14, 16, '18:33:00', '18:38:00', '2021-02-16', '2021-02-16'),
(14, 17, '19:10:00', '19:10:00', '2021-06-23', '2021-06-23'),
(14, 18, '12:46:00', '12:48:00', '2021-10-04', '2021-10-04'),
(14, 19, '18:35:00', '18:37:00', '2021-07-16', '2021-07-16'),
(14, 22, '11:17:00', '11:25:00', '2021-06-07', '2021-06-07'),
(14, 23, '10:42:00', '10:42:00', '2021-06-17', '2021-06-17'),
(14, 24, '13:11:00', '13:20:00', '2021-06-13', '2021-06-13'),
(14, 25, '18:01:00', '18:43:00', '2021-06-05', '2021-06-05'),
(14, 27, '14:56:00', '14:56:00', '2021-06-16', '2021-06-16'),
(14, 33, '14:47:00', '14:58:00', '2021-06-17', '2021-06-17'),
(14, 38, '11:41:00', '11:41:00', '2021-06-14', '2021-06-14'),
(14, 40, '10:17:00', '10:41:00', '2021-04-11', '2021-04-11'),
(14, 54, '15:00:00', '14:00:00', '2021-06-14', '2021-06-21'),
(15, 3, '05:13:00', '05:26:00', '2021-06-03', '2021-06-03'),
(15, 5, '14:10:00', '14:17:00', '2021-06-04', '2021-06-04'),
(15, 6, '06:09:00', '06:18:00', '2021-06-26', '2021-06-26'),
(15, 7, '00:38:00', '02:44:00', '2021-06-14', '2021-06-14'),
(15, 8, '10:07:00', '10:47:00', '2021-06-09', '2021-06-09'),
(15, 9, '00:32:00', '01:33:00', '2021-06-23', '2021-06-23'),
(15, 10, '08:53:00', '08:53:00', '2021-06-19', '2021-06-19'),
(15, 11, '15:44:00', '15:53:00', '2021-06-01', '2021-06-01'),
(15, 12, '16:33:00', '16:50:00', '2021-06-02', '2021-06-02'),
(15, 13, '07:37:00', '07:45:00', '2021-06-23', '2021-06-23'),
(15, 14, '09:04:00', '09:24:00', '2021-07-09', '2021-07-09'),
(15, 15, '13:38:00', '13:40:00', '2021-07-15', '2021-07-15'),
(15, 16, '04:00:00', '04:15:00', '2021-02-14', '2021-02-14'),
(15, 17, '20:26:00', '20:52:00', '2021-03-14', '2021-03-14'),
(15, 18, '09:34:00', '09:54:00', '2021-05-17', '2021-05-17'),
(15, 19, '22:00:00', '02:49:00', '2021-06-07', '2021-06-08'),
(15, 20, '09:07:00', '09:17:00', '2021-06-23', '2021-06-23'),
(15, 23, '14:55:00', '14:58:00', '2021-06-06', '2021-06-06'),
(15, 29, '00:51:00', '00:54:00', '2021-06-23', '2021-06-23'),
(15, 31, '08:40:00', '08:48:00', '2021-06-09', '2021-06-09'),
(15, 35, '13:24:00', '13:47:00', '2021-06-04', '2021-06-04'),
(15, 37, '21:42:00', '02:57:00', '2021-06-10', '2021-06-11'),
(15, 40, '11:10:00', '11:37:00', '2021-02-11', '2021-02-11'),
(15, 55, '15:00:00', '14:00:00', '2021-06-15', '2021-06-22'),
(16, 3, '11:30:00', '11:54:00', '2021-06-15', '2021-06-15'),
(16, 4, '07:08:00', '07:13:00', '2021-06-09', '2021-06-09'),
(16, 5, '02:40:00', '02:58:00', '2021-06-06', '2021-06-06'),
(16, 6, '09:30:00', '09:32:00', '2021-06-04', '2021-06-04'),
(16, 7, '08:51:00', '08:52:00', '2021-06-01', '2021-06-01'),
(16, 8, '01:43:00', '01:55:00', '2021-06-23', '2021-06-23'),
(16, 9, '14:35:00', '14:55:00', '2021-06-26', '2021-06-26'),
(16, 10, '08:33:00', '08:56:00', '2021-06-26', '2021-06-26'),
(16, 11, '08:20:00', '08:56:00', '2021-06-24', '2021-06-24'),
(16, 12, '09:53:00', '09:55:00', '2021-06-09', '2021-06-09'),
(16, 13, '14:34:00', '14:47:00', '2021-06-18', '2021-06-18'),
(16, 14, '13:10:00', '13:16:00', '2021-07-19', '2021-07-19'),
(16, 15, '11:38:00', '11:58:00', '2021-07-02', '2021-07-02'),
(16, 16, '17:30:00', '17:31:00', '2021-05-14', '2021-05-14'),
(16, 17, '10:18:00', '10:30:00', '2021-06-08', '2021-06-08'),
(16, 18, '11:56:00', '11:58:00', '2021-06-14', '2021-06-14'),
(16, 19, '05:32:00', '05:43:00', '2021-11-20', '2021-11-20'),
(16, 20, '16:44:00', '16:56:00', '2021-06-26', '2021-06-26'),
(16, 24, '16:56:00', '16:57:00', '2021-06-11', '2021-06-11'),
(16, 26, '14:51:00', '14:53:00', '2021-06-12', '2021-06-12'),
(16, 28, '23:45:00', '00:58:00', '2021-06-20', '2021-06-21'),
(16, 29, '09:41:00', '09:43:00', '2021-06-12', '2021-06-12'),
(16, 31, '09:36:00', '09:47:00', '2021-06-12', '2021-06-12'),
(16, 38, '18:34:00', '18:58:00', '2021-06-23', '2021-06-23'),
(16, 40, '16:06:00', '16:29:00', '2021-03-20', '2021-03-20'),
(16, 56, '15:00:00', '14:00:00', '2021-06-16', '2021-06-23'),
(17, 1, '02:36:00', '02:39:00', '2021-06-06', '2021-06-06'),
(17, 4, '02:00:00', '02:09:00', '2021-06-17', '2021-06-17'),
(17, 5, '21:39:00', '01:54:00', '2021-06-11', '2021-06-12'),
(17, 6, '14:30:00', '14:37:00', '2021-06-01', '2021-06-01'),
(17, 7, '19:23:00', '19:46:00', '2021-06-03', '2021-06-03'),
(17, 8, '09:11:00', '09:17:00', '2021-06-21', '2021-06-21'),
(17, 9, '01:08:00', '01:50:00', '2021-06-09', '2021-06-09'),
(17, 10, '17:55:00', '17:58:00', '2021-06-24', '2021-06-24'),
(17, 11, '11:36:00', '11:53:00', '2021-06-17', '2021-06-17'),
(17, 12, '14:02:00', '14:48:00', '2021-06-20', '2021-06-20'),
(17, 13, '02:37:00', '02:55:00', '2021-06-17', '2021-06-17'),
(17, 14, '00:08:00', '01:40:00', '2021-07-10', '2021-07-10'),
(17, 15, '22:43:00', '02:48:00', '2021-07-19', '2021-07-20'),
(17, 16, '01:26:00', '01:31:00', '2021-11-01', '2021-11-01'),
(17, 17, '06:57:00', '06:58:00', '2021-01-04', '2021-01-04'),
(17, 18, '16:07:00', '16:28:00', '2021-01-17', '2021-01-17'),
(17, 19, '12:22:00', '12:51:00', '2021-09-01', '2021-09-01'),
(17, 20, '11:41:00', '11:42:00', '2021-06-02', '2021-06-02'),
(17, 22, '12:02:00', '12:15:00', '2021-06-08', '2021-06-08'),
(17, 23, '05:52:00', '05:53:00', '2021-06-16', '2021-06-16'),
(17, 26, '22:14:00', '01:35:00', '2021-06-09', '2021-06-10'),
(17, 33, '01:51:00', '01:57:00', '2021-06-05', '2021-06-05'),
(17, 34, '21:51:00', '02:52:00', '2021-06-16', '2021-06-17'),
(17, 35, '09:25:00', '09:58:00', '2021-06-16', '2021-06-16'),
(17, 40, '06:51:00', '06:53:00', '2021-08-25', '2021-08-25'),
(17, 57, '15:00:00', '14:00:00', '2021-06-17', '2021-06-24'),
(18, 5, '11:20:00', '11:50:00', '2021-06-10', '2021-06-10'),
(18, 6, '03:31:00', '03:57:00', '2021-06-14', '2021-06-14'),
(18, 7, '12:34:00', '12:43:00', '2021-06-16', '2021-06-16'),
(18, 8, '09:43:00', '09:53:00', '2021-06-01', '2021-06-01'),
(18, 9, '15:49:00', '15:49:00', '2021-06-25', '2021-06-25'),
(18, 10, '02:08:00', '02:34:00', '2021-06-26', '2021-06-26'),
(18, 11, '23:51:00', '00:55:00', '2021-06-07', '2021-06-08'),
(18, 12, '01:02:00', '01:10:00', '2021-06-02', '2021-06-02'),
(18, 13, '12:23:00', '12:23:00', '2021-06-08', '2021-06-08'),
(18, 14, '08:45:00', '08:58:00', '2021-07-16', '2021-07-16'),
(18, 15, '15:34:00', '15:37:00', '2021-07-15', '2021-07-15'),
(18, 16, '15:25:00', '15:57:00', '2021-08-03', '2021-08-03'),
(18, 17, '19:01:00', '19:10:00', '2021-10-22', '2021-10-22'),
(18, 18, '08:03:00', '08:45:00', '2021-10-27', '2021-10-27'),
(18, 19, '10:49:00', '10:50:00', '2021-07-14', '2021-07-14'),
(18, 20, '09:19:00', '09:19:00', '2021-06-10', '2021-06-10'),
(18, 22, '09:01:00', '09:11:00', '2021-06-11', '2021-06-11'),
(18, 24, '06:25:00', '06:58:00', '2021-06-16', '2021-06-16'),
(18, 25, '01:30:00', '01:45:00', '2021-06-15', '2021-06-15'),
(18, 31, '07:19:00', '07:45:00', '2021-06-23', '2021-06-23'),
(18, 35, '06:57:00', '06:58:00', '2021-06-17', '2021-06-17'),
(18, 37, '04:12:00', '04:15:00', '2021-06-09', '2021-06-09'),
(18, 39, '10:10:00', '10:35:00', '2021-06-15', '2021-06-15'),
(18, 40, '06:57:00', '06:58:00', '2021-09-08', '2021-09-08'),
(18, 58, '15:00:00', '14:00:00', '2021-06-18', '2021-06-25'),
(19, 2, '14:01:00', '14:26:00', '2021-06-08', '2021-06-08'),
(19, 5, '12:26:00', '12:57:00', '2021-06-26', '2021-06-26'),
(19, 6, '09:15:00', '09:57:00', '2021-06-14', '2021-06-14'),
(19, 7, '03:24:00', '03:56:00', '2021-06-15', '2021-06-15'),
(19, 8, '07:47:00', '07:49:00', '2021-06-06', '2021-06-06'),
(19, 9, '11:58:00', '11:58:00', '2021-06-23', '2021-06-23'),
(19, 10, '19:00:00', '19:34:00', '2021-06-01', '2021-06-01'),
(19, 11, '14:54:00', '14:54:00', '2021-06-17', '2021-06-17'),
(19, 12, '05:37:00', '05:54:00', '2021-06-25', '2021-06-25'),
(19, 13, '05:20:00', '05:40:00', '2021-06-23', '2021-06-23'),
(19, 14, '15:21:00', '15:54:00', '2021-07-16', '2021-07-16'),
(19, 15, '04:49:00', '04:53:00', '2021-07-13', '2021-07-13'),
(19, 16, '05:43:00', '05:46:00', '2021-07-03', '2021-07-03'),
(19, 17, '00:53:00', '01:55:00', '2021-07-04', '2021-07-04'),
(19, 18, '09:21:00', '09:55:00', '2021-01-17', '2021-01-17'),
(19, 19, '17:04:00', '17:04:00', '2021-07-06', '2021-07-06'),
(19, 24, '08:27:00', '08:27:00', '2021-06-20', '2021-06-20'),
(19, 26, '19:44:00', '19:47:00', '2021-06-17', '2021-06-17'),
(19, 29, '20:20:00', '20:39:00', '2021-06-14', '2021-06-14'),
(19, 33, '07:06:00', '07:38:00', '2021-06-27', '2021-06-27'),
(19, 34, '02:17:00', '02:28:00', '2021-06-04', '2021-06-04'),
(19, 38, '11:40:00', '11:43:00', '2021-06-24', '2021-06-24'),
(19, 40, '16:31:00', '16:36:00', '2021-07-12', '2021-07-12'),
(19, 59, '15:00:00', '14:00:00', '2021-06-19', '2021-06-26');

-- --------------------------------------------------------

--
-- Table structure for table `is_provided`
--

CREATE TABLE `is_provided` (
  `Service_ID` int(11) UNSIGNED NOT NULL,
  `Place_ID` int(11) UNSIGNED NOT NULL
) ENGINE=InnoDB DEFAULT CHARSET=utf8mb4;

--
-- Dumping data for table `is_provided`
--

INSERT INTO `is_provided` (`Service_ID`, `Place_ID`) VALUES
(1, 10),
(1, 11),
(1, 12),
(1, 13),
(1, 14),
(1, 15),
(2, 16),
(2, 17),
(2, 18),
(2, 19),
(3, 40),
(4, 1),
(4, 2),
(4, 3),
(4, 4),
(5, 30),
(5, 31),
(5, 32),
(5, 33),
(5, 34),
(5, 35),
(5, 36),
(5, 37),
(5, 38),
(5, 39),
(6, 20),
(6, 21),
(6, 22),
(6, 23),
(6, 24),
(6, 25),
(6, 26),
(6, 27),
(6, 28),
(6, 29);

-- --------------------------------------------------------

--
-- Table structure for table `non_subscription_services`
--

CREATE TABLE `non_subscription_services` (
  `Service_ID` int(11) UNSIGNED NOT NULL
) ENGINE=InnoDB DEFAULT CHARSET=utf8mb4;

--
-- Dumping data for table `non_subscription_services`
--

INSERT INTO `non_subscription_services` (`Service_ID`) VALUES
(1),
(2),
(3);

-- --------------------------------------------------------

--
-- Table structure for table `places`
--

CREATE TABLE `places` (
  `Place_ID` int(11) UNSIGNED NOT NULL,
  `Num_Of_Beds` tinyint(3) UNSIGNED NOT NULL,
  `Place_Name` varchar(25) NOT NULL,
  `Location_Place_Desc` varchar(100) NOT NULL
) ENGINE=InnoDB DEFAULT CHARSET=utf8mb4;

--
-- Dumping data for table `places`
--

INSERT INTO `places` (`Place_ID`, `Num_Of_Beds`, `Place_Name`, `Location_Place_Desc`) VALUES
(1, 0, 'Gym 1', 'Ground Floor'),
(2, 0, 'Gym 2', 'Ground Floor'),
(3, 0, 'Gym 3', 'Ground Floor'),
(4, 0, 'Gym 4', 'Ground Floor'),
(5, 0, 'Elevator 1', 'Ground Floor'),
(6, 0, 'Elevator 2', 'Ground Floor'),
(7, 0, 'Elevator 3', 'Ground Floor'),
(8, 0, 'Elevator 4', 'Ground Floor'),
(9, 0, 'Elevator 5', 'Ground Floor'),
(10, 0, 'Bar 1', 'Ground Floor'),
(11, 0, 'Bar 2', 'Ground Floor'),
(12, 0, 'Bar 3', 'Ground Floor'),
(13, 0, 'Bar 4', 'Ground Floor'),
(14, 0, 'Bar 5', 'Ground Floor'),
(15, 0, 'Bar 6', 'Ground Floor'),
(16, 0, 'Restaurant 1', 'Ground Floor'),
(17, 0, 'Restaurant 2', 'Ground Floor'),
(18, 0, 'Restaurant 3', 'Ground Floor'),
(19, 0, 'Restaurant 4', 'Ground Floor'),
(20, 0, 'Conference Room 1', 'Ground Floor'),
(21, 0, 'Conference Room 2', 'Ground Floor'),
(22, 0, 'Conference Room 3', 'Ground Floor'),
(23, 0, 'Conference Room 4', 'Ground Floor'),
(24, 0, 'Conference Room 5', 'Ground Floor'),
(25, 0, 'Conference Room 6', 'Ground Floor'),
(26, 0, 'Conference Room 7', 'Ground Floor'),
(27, 0, 'Conference Room 8', 'Ground Floor'),
(28, 0, 'Conference Room 9', 'Ground Floor'),
(29, 0, 'Conference Room 10', 'Ground Floor'),
(30, 0, 'Sauna 1', 'Ground Floor'),
(31, 0, 'Sauna 2', 'Ground Floor'),
(32, 0, 'Sauna 3', 'Ground Floor'),
(33, 0, 'Sauna 4', 'Ground Floor'),
(34, 0, 'Sauna 5', 'Ground Floor'),
(35, 0, 'Sauna 6', 'Ground Floor'),
(36, 0, 'Sauna 7', 'Ground Floor'),
(37, 0, 'Sauna 8', 'Ground Floor'),
(38, 0, 'Sauna 9', 'Ground Floor'),
(39, 0, 'Sauna 10', 'Ground Floor'),
(40, 0, 'Hair Salon', 'Ground Floor'),
(41, 2, 'Room 1', 'Floor 1'),
(42, 1, 'Room 2', 'Floor 1'),
(43, 2, 'Room 3', 'Floor 1'),
(44, 1, 'Room 4', 'Floor 1'),
(45, 2, 'Room 5', 'Floor 1'),
(46, 1, 'Room 6', 'Floor 1'),
(47, 2, 'Room 7', 'Floor 1'),
(48, 1, 'Room 8', 'Floor 1'),
(49, 2, 'Room 9', 'Floor 1'),
(50, 1, 'Room 10', 'Floor 1'),
(51, 2, 'Room 11', 'Floor 1'),
(52, 1, 'Room 12', 'Floor 1'),
(53, 2, 'Room 13', 'Floor 1'),
(54, 1, 'Room 14', 'Floor 1'),
(55, 2, 'Room 15', 'Floor 1'),
(56, 1, 'Room 16', 'Floor 1'),
(57, 2, 'Room 17', 'Floor 1'),
(58, 1, 'Room 18', 'Floor 1'),
(59, 2, 'Room 19', 'Floor 1'),
(60, 1, 'Room 20', 'Floor 1'),
(61, 2, 'Room 21', 'Floor 1'),
(62, 1, 'Room 22', 'Floor 1'),
(63, 2, 'Room 23', 'Floor 1'),
(64, 1, 'Room 24', 'Floor 1'),
(65, 2, 'Room 25', 'Floor 1'),
(66, 1, 'Room 26', 'Floor 1'),
(67, 2, 'Room 27', 'Floor 1'),
(68, 1, 'Room 28', 'Floor 1'),
(69, 2, 'Room 29', 'Floor 1'),
(70, 1, 'Room 30', 'Floor 1'),
(71, 2, 'Room 31', 'Floor 1'),
(72, 1, 'Room 32', 'Floor 1'),
(73, 2, 'Room 33', 'Floor 1'),
(74, 1, 'Room 34', 'Floor 1'),
(75, 2, 'Room 35', 'Floor 1'),
(76, 1, 'Room 36', 'Floor 1'),
(77, 2, 'Room 37', 'Floor 1'),
(78, 1, 'Room 38', 'Floor 1'),
(79, 2, 'Room 39', 'Floor 1'),
(80, 1, 'Room 40', 'Floor 1'),
(81, 2, 'Room 41', 'Floor 1'),
(82, 1, 'Room 42', 'Floor 1'),
(83, 2, 'Room 43', 'Floor 1'),
(84, 1, 'Room 44', 'Floor 1'),
(85, 2, 'Room 45', 'Floor 1'),
(86, 1, 'Room 46', 'Floor 1'),
(87, 2, 'Room 47', 'Floor 1'),
(88, 1, 'Room 48', 'Floor 1'),
(89, 2, 'Room 49', 'Floor 1'),
(90, 1, 'Room 50', 'Floor 1'),
(91, 2, 'Room 51', 'Floor 1'),
(92, 1, 'Room 52', 'Floor 1'),
(93, 2, 'Room 53', 'Floor 1'),
(94, 1, 'Room 54', 'Floor 1'),
(95, 2, 'Room 55', 'Floor 1'),
(96, 1, 'Room 56', 'Floor 1'),
(97, 2, 'Room 57', 'Floor 1'),
(98, 1, 'Room 58', 'Floor 1'),
(99, 2, 'Room 59', 'Floor 1'),
(100, 1, 'Room 60', 'Floor 1'),
(101, 2, 'Room 61', 'Floor 1'),
(102, 1, 'Room 62', 'Floor 1'),
(103, 2, 'Room 63', 'Floor 1'),
(104, 1, 'Room 64', 'Floor 1'),
(105, 2, 'Room 65', 'Floor 1'),
(106, 1, 'Room 66', 'Floor 1'),
(107, 2, 'Room 67', 'Floor 1'),
(108, 1, 'Room 68', 'Floor 1'),
(109, 2, 'Room 69', 'Floor 1'),
(110, 1, 'Room 70', 'Floor 1'),
(111, 2, 'Room 71', 'Floor 1'),
(112, 1, 'Room 72', 'Floor 1'),
(113, 2, 'Room 73', 'Floor 1'),
(114, 1, 'Room 74', 'Floor 1'),
(115, 2, 'Room 75', 'Floor 1'),
(116, 1, 'Room 76', 'Floor 1'),
(117, 2, 'Room 77', 'Floor 1'),
(118, 1, 'Room 78', 'Floor 1'),
(119, 2, 'Room 79', 'Floor 1'),
(120, 1, 'Room 80', 'Floor 1'),
(121, 2, 'Room 81', 'Floor 1'),
(122, 1, 'Room 82', 'Floor 1'),
(123, 2, 'Room 83', 'Floor 1'),
(124, 1, 'Room 84', 'Floor 1'),
(125, 2, 'Room 85', 'Floor 1'),
(126, 1, 'Room 86', 'Floor 1'),
(127, 2, 'Room 87', 'Floor 1'),
(128, 1, 'Room 88', 'Floor 1'),
(129, 2, 'Room 89', 'Floor 1'),
(130, 1, 'Room 90', 'Floor 1'),
(131, 2, 'Room 91', 'Floor 1'),
(132, 1, 'Room 92', 'Floor 1'),
(133, 2, 'Room 93', 'Floor 1'),
(134, 1, 'Room 94', 'Floor 1'),
(135, 2, 'Room 95', 'Floor 1'),
(136, 1, 'Room 96', 'Floor 1'),
(137, 2, 'Room 97', 'Floor 1'),
(138, 1, 'Room 98', 'Floor 1'),
(139, 2, 'Room 99', 'Floor 1'),
(140, 1, 'Room 100', 'Floor 2'),
(141, 2, 'Room 101', 'Floor 2'),
(142, 1, 'Room 102', 'Floor 2'),
(143, 2, 'Room 103', 'Floor 2'),
(144, 1, 'Room 104', 'Floor 2'),
(145, 2, 'Room 105', 'Floor 2'),
(146, 1, 'Room 106', 'Floor 2'),
(147, 2, 'Room 107', 'Floor 2'),
(148, 1, 'Room 108', 'Floor 2'),
(149, 2, 'Room 109', 'Floor 2'),
(150, 1, 'Room 110', 'Floor 2'),
(151, 2, 'Room 111', 'Floor 2'),
(152, 1, 'Room 112', 'Floor 2'),
(153, 2, 'Room 113', 'Floor 2'),
(154, 1, 'Room 114', 'Floor 2'),
(155, 2, 'Room 115', 'Floor 2'),
(156, 1, 'Room 116', 'Floor 2'),
(157, 2, 'Room 117', 'Floor 2'),
(158, 1, 'Room 118', 'Floor 2'),
(159, 2, 'Room 119', 'Floor 2'),
(160, 1, 'Room 120', 'Floor 2'),
(161, 2, 'Room 121', 'Floor 2'),
(162, 1, 'Room 122', 'Floor 2'),
(163, 2, 'Room 123', 'Floor 2'),
(164, 1, 'Room 124', 'Floor 2'),
(165, 2, 'Room 125', 'Floor 2'),
(166, 1, 'Room 126', 'Floor 2'),
(167, 2, 'Room 127', 'Floor 2'),
(168, 1, 'Room 128', 'Floor 2'),
(169, 2, 'Room 129', 'Floor 2'),
(170, 1, 'Room 130', 'Floor 2'),
(171, 2, 'Room 131', 'Floor 2'),
(172, 1, 'Room 132', 'Floor 2'),
(173, 2, 'Room 133', 'Floor 2'),
(174, 1, 'Room 134', 'Floor 2'),
(175, 2, 'Room 135', 'Floor 2'),
(176, 1, 'Room 136', 'Floor 2'),
(177, 2, 'Room 137', 'Floor 2'),
(178, 1, 'Room 138', 'Floor 2'),
(179, 2, 'Room 139', 'Floor 2'),
(180, 1, 'Room 140', 'Floor 2'),
(181, 2, 'Room 141', 'Floor 2'),
(182, 1, 'Room 142', 'Floor 2'),
(183, 2, 'Room 143', 'Floor 2'),
(184, 1, 'Room 144', 'Floor 2'),
(185, 2, 'Room 145', 'Floor 2'),
(186, 1, 'Room 146', 'Floor 2'),
(187, 2, 'Room 147', 'Floor 2'),
(188, 1, 'Room 148', 'Floor 2'),
(189, 2, 'Room 149', 'Floor 2'),
(190, 1, 'Room 150', 'Floor 2'),
(191, 2, 'Room 151', 'Floor 2'),
(192, 1, 'Room 152', 'Floor 2'),
(193, 2, 'Room 153', 'Floor 2'),
(194, 1, 'Room 154', 'Floor 2'),
(195, 2, 'Room 155', 'Floor 2'),
(196, 1, 'Room 156', 'Floor 2'),
(197, 2, 'Room 157', 'Floor 2'),
(198, 1, 'Room 158', 'Floor 2'),
(199, 2, 'Room 159', 'Floor 2'),
(200, 1, 'Room 160', 'Floor 2'),
(201, 2, 'Room 161', 'Floor 2'),
(202, 1, 'Room 162', 'Floor 2'),
(203, 2, 'Room 163', 'Floor 2'),
(204, 1, 'Room 164', 'Floor 2'),
(205, 2, 'Room 165', 'Floor 2'),
(206, 1, 'Room 166', 'Floor 2'),
(207, 2, 'Room 167', 'Floor 2'),
(208, 1, 'Room 168', 'Floor 2'),
(209, 2, 'Room 169', 'Floor 2'),
(210, 1, 'Room 170', 'Floor 2'),
(211, 2, 'Room 171', 'Floor 2'),
(212, 1, 'Room 172', 'Floor 2'),
(213, 2, 'Room 173', 'Floor 2'),
(214, 1, 'Room 174', 'Floor 2'),
(215, 2, 'Room 175', 'Floor 2'),
(216, 1, 'Room 176', 'Floor 2'),
(217, 2, 'Room 177', 'Floor 2'),
(218, 1, 'Room 178', 'Floor 2'),
(219, 2, 'Room 179', 'Floor 2'),
(220, 1, 'Room 180', 'Floor 2'),
(221, 2, 'Room 181', 'Floor 2'),
(222, 1, 'Room 182', 'Floor 2'),
(223, 2, 'Room 183', 'Floor 2'),
(224, 1, 'Room 184', 'Floor 2'),
(225, 2, 'Room 185', 'Floor 2'),
(226, 1, 'Room 186', 'Floor 2'),
(227, 2, 'Room 187', 'Floor 2'),
(228, 1, 'Room 188', 'Floor 2'),
(229, 2, 'Room 189', 'Floor 2'),
(230, 1, 'Room 190', 'Floor 2'),
(231, 2, 'Room 191', 'Floor 2'),
(232, 1, 'Room 192', 'Floor 2'),
(233, 2, 'Room 193', 'Floor 2'),
(234, 1, 'Room 194', 'Floor 2'),
(235, 2, 'Room 195', 'Floor 2'),
(236, 1, 'Room 196', 'Floor 2'),
(237, 2, 'Room 197', 'Floor 2'),
(238, 1, 'Room 198', 'Floor 2'),
(239, 2, 'Room 199', 'Floor 2'),
(240, 1, 'Room 200', 'Floor 3'),
(241, 2, 'Room 201', 'Floor 3'),
(242, 1, 'Room 202', 'Floor 3'),
(243, 2, 'Room 203', 'Floor 3'),
(244, 1, 'Room 204', 'Floor 3'),
(245, 2, 'Room 205', 'Floor 3'),
(246, 1, 'Room 206', 'Floor 3'),
(247, 2, 'Room 207', 'Floor 3'),
(248, 1, 'Room 208', 'Floor 3'),
(249, 2, 'Room 209', 'Floor 3'),
(250, 1, 'Room 210', 'Floor 3'),
(251, 2, 'Room 211', 'Floor 3'),
(252, 1, 'Room 212', 'Floor 3'),
(253, 2, 'Room 213', 'Floor 3'),
(254, 1, 'Room 214', 'Floor 3'),
(255, 2, 'Room 215', 'Floor 3'),
(256, 1, 'Room 216', 'Floor 3'),
(257, 2, 'Room 217', 'Floor 3'),
(258, 1, 'Room 218', 'Floor 3'),
(259, 2, 'Room 219', 'Floor 3'),
(260, 1, 'Room 220', 'Floor 3'),
(261, 2, 'Room 221', 'Floor 3'),
(262, 1, 'Room 222', 'Floor 3'),
(263, 2, 'Room 223', 'Floor 3'),
(264, 1, 'Room 224', 'Floor 3'),
(265, 2, 'Room 225', 'Floor 3'),
(266, 1, 'Room 226', 'Floor 3'),
(267, 2, 'Room 227', 'Floor 3'),
(268, 1, 'Room 228', 'Floor 3'),
(269, 2, 'Room 229', 'Floor 3'),
(270, 1, 'Room 230', 'Floor 3'),
(271, 2, 'Room 231', 'Floor 3'),
(272, 1, 'Room 232', 'Floor 3'),
(273, 2, 'Room 233', 'Floor 3'),
(274, 1, 'Room 234', 'Floor 3'),
(275, 2, 'Room 235', 'Floor 3'),
(276, 1, 'Room 236', 'Floor 3'),
(277, 2, 'Room 237', 'Floor 3'),
(278, 1, 'Room 238', 'Floor 3'),
(279, 2, 'Room 239', 'Floor 3'),
(280, 1, 'Room 240', 'Floor 3'),
(281, 2, 'Room 241', 'Floor 3'),
(282, 1, 'Room 242', 'Floor 3'),
(283, 2, 'Room 243', 'Floor 3'),
(284, 1, 'Room 244', 'Floor 3'),
(285, 2, 'Room 245', 'Floor 3'),
(286, 1, 'Room 246', 'Floor 3'),
(287, 2, 'Room 247', 'Floor 3'),
(288, 1, 'Room 248', 'Floor 3'),
(289, 2, 'Room 249', 'Floor 3'),
(290, 1, 'Room 250', 'Floor 3'),
(291, 2, 'Room 251', 'Floor 3'),
(292, 1, 'Room 252', 'Floor 3'),
(293, 2, 'Room 253', 'Floor 3'),
(294, 1, 'Room 254', 'Floor 3'),
(295, 2, 'Room 255', 'Floor 3'),
(296, 1, 'Room 256', 'Floor 3'),
(297, 2, 'Room 257', 'Floor 3'),
(298, 1, 'Room 258', 'Floor 3'),
(299, 2, 'Room 259', 'Floor 3'),
(300, 1, 'Room 260', 'Floor 3'),
(301, 2, 'Room 261', 'Floor 3'),
(302, 1, 'Room 262', 'Floor 3'),
(303, 2, 'Room 263', 'Floor 3'),
(304, 1, 'Room 264', 'Floor 3'),
(305, 2, 'Room 265', 'Floor 3'),
(306, 1, 'Room 266', 'Floor 3'),
(307, 2, 'Room 267', 'Floor 3'),
(308, 1, 'Room 268', 'Floor 3'),
(309, 2, 'Room 269', 'Floor 3'),
(310, 1, 'Room 270', 'Floor 3'),
(311, 2, 'Room 271', 'Floor 3'),
(312, 1, 'Room 272', 'Floor 3'),
(313, 2, 'Room 273', 'Floor 3'),
(314, 1, 'Room 274', 'Floor 3'),
(315, 2, 'Room 275', 'Floor 3'),
(316, 1, 'Room 276', 'Floor 3'),
(317, 2, 'Room 277', 'Floor 3'),
(318, 1, 'Room 278', 'Floor 3'),
(319, 2, 'Room 279', 'Floor 3'),
(320, 1, 'Room 280', 'Floor 3'),
(321, 2, 'Room 281', 'Floor 3'),
(322, 1, 'Room 282', 'Floor 3'),
(323, 2, 'Room 283', 'Floor 3'),
(324, 1, 'Room 284', 'Floor 3'),
(325, 2, 'Room 285', 'Floor 3'),
(326, 1, 'Room 286', 'Floor 3'),
(327, 2, 'Room 287', 'Floor 3'),
(328, 1, 'Room 288', 'Floor 3'),
(329, 2, 'Room 289', 'Floor 3'),
(330, 1, 'Room 290', 'Floor 3'),
(331, 2, 'Room 291', 'Floor 3'),
(332, 1, 'Room 292', 'Floor 3'),
(333, 2, 'Room 293', 'Floor 3'),
(334, 1, 'Room 294', 'Floor 3'),
(335, 2, 'Room 295', 'Floor 3'),
(336, 1, 'Room 296', 'Floor 3'),
(337, 2, 'Room 297', 'Floor 3'),
(338, 1, 'Room 298', 'Floor 3'),
(339, 2, 'Room 299', 'Floor 3'),
(340, 1, 'Room 300', 'Floor 4'),
(341, 2, 'Room 301', 'Floor 4'),
(342, 1, 'Room 302', 'Floor 4'),
(343, 2, 'Room 303', 'Floor 4'),
(344, 1, 'Room 304', 'Floor 4'),
(345, 2, 'Room 305', 'Floor 4'),
(346, 1, 'Room 306', 'Floor 4'),
(347, 2, 'Room 307', 'Floor 4'),
(348, 1, 'Room 308', 'Floor 4'),
(349, 2, 'Room 309', 'Floor 4'),
(350, 1, 'Room 310', 'Floor 4'),
(351, 2, 'Room 311', 'Floor 4'),
(352, 1, 'Room 312', 'Floor 4'),
(353, 2, 'Room 313', 'Floor 4'),
(354, 1, 'Room 314', 'Floor 4'),
(355, 2, 'Room 315', 'Floor 4'),
(356, 1, 'Room 316', 'Floor 4'),
(357, 2, 'Room 317', 'Floor 4'),
(358, 1, 'Room 318', 'Floor 4'),
(359, 2, 'Room 319', 'Floor 4'),
(360, 1, 'Room 320', 'Floor 4'),
(361, 2, 'Room 321', 'Floor 4'),
(362, 1, 'Room 322', 'Floor 4'),
(363, 2, 'Room 323', 'Floor 4'),
(364, 1, 'Room 324', 'Floor 4'),
(365, 2, 'Room 325', 'Floor 4'),
(366, 1, 'Room 326', 'Floor 4'),
(367, 2, 'Room 327', 'Floor 4'),
(368, 1, 'Room 328', 'Floor 4'),
(369, 2, 'Room 329', 'Floor 4'),
(370, 1, 'Room 330', 'Floor 4'),
(371, 2, 'Room 331', 'Floor 4'),
(372, 1, 'Room 332', 'Floor 4'),
(373, 2, 'Room 333', 'Floor 4'),
(374, 1, 'Room 334', 'Floor 4'),
(375, 2, 'Room 335', 'Floor 4'),
(376, 1, 'Room 336', 'Floor 4'),
(377, 2, 'Room 337', 'Floor 4'),
(378, 1, 'Room 338', 'Floor 4'),
(379, 2, 'Room 339', 'Floor 4'),
(380, 1, 'Room 340', 'Floor 4'),
(381, 2, 'Room 341', 'Floor 4'),
(382, 1, 'Room 342', 'Floor 4'),
(383, 2, 'Room 343', 'Floor 4'),
(384, 1, 'Room 344', 'Floor 4'),
(385, 2, 'Room 345', 'Floor 4'),
(386, 1, 'Room 346', 'Floor 4'),
(387, 2, 'Room 347', 'Floor 4'),
(388, 1, 'Room 348', 'Floor 4'),
(389, 2, 'Room 349', 'Floor 4'),
(390, 1, 'Room 350', 'Floor 4'),
(391, 2, 'Room 351', 'Floor 4'),
(392, 1, 'Room 352', 'Floor 4'),
(393, 2, 'Room 353', 'Floor 4'),
(394, 1, 'Room 354', 'Floor 4'),
(395, 2, 'Room 355', 'Floor 4'),
(396, 1, 'Room 356', 'Floor 4'),
(397, 2, 'Room 357', 'Floor 4'),
(398, 1, 'Room 358', 'Floor 4'),
(399, 2, 'Room 359', 'Floor 4'),
(400, 1, 'Room 360', 'Floor 4'),
(401, 2, 'Room 361', 'Floor 4'),
(402, 1, 'Room 362', 'Floor 4'),
(403, 2, 'Room 363', 'Floor 4'),
(404, 1, 'Room 364', 'Floor 4'),
(405, 2, 'Room 365', 'Floor 4'),
(406, 1, 'Room 366', 'Floor 4'),
(407, 2, 'Room 367', 'Floor 4'),
(408, 1, 'Room 368', 'Floor 4'),
(409, 2, 'Room 369', 'Floor 4'),
(410, 1, 'Room 370', 'Floor 4'),
(411, 2, 'Room 371', 'Floor 4'),
(412, 1, 'Room 372', 'Floor 4'),
(413, 2, 'Room 373', 'Floor 4'),
(414, 1, 'Room 374', 'Floor 4'),
(415, 2, 'Room 375', 'Floor 4'),
(416, 1, 'Room 376', 'Floor 4'),
(417, 2, 'Room 377', 'Floor 4'),
(418, 1, 'Room 378', 'Floor 4'),
(419, 2, 'Room 379', 'Floor 4'),
(420, 1, 'Room 380', 'Floor 4'),
(421, 2, 'Room 381', 'Floor 4'),
(422, 1, 'Room 382', 'Floor 4'),
(423, 2, 'Room 383', 'Floor 4'),
(424, 1, 'Room 384', 'Floor 4'),
(425, 2, 'Room 385', 'Floor 4'),
(426, 1, 'Room 386', 'Floor 4'),
(427, 2, 'Room 387', 'Floor 4'),
(428, 1, 'Room 388', 'Floor 4'),
(429, 2, 'Room 389', 'Floor 4'),
(430, 1, 'Room 390', 'Floor 4'),
(431, 2, 'Room 391', 'Floor 4'),
(432, 1, 'Room 392', 'Floor 4'),
(433, 2, 'Room 393', 'Floor 4'),
(434, 1, 'Room 394', 'Floor 4'),
(435, 2, 'Room 395', 'Floor 4'),
(436, 1, 'Room 396', 'Floor 4'),
(437, 2, 'Room 397', 'Floor 4'),
(438, 1, 'Room 398', 'Floor 4'),
(439, 2, 'Room 399', 'Floor 4'),
(440, 1, 'Room 400', 'Floor 5');

-- --------------------------------------------------------

--
-- Stand-in structure for view `sales_per_service`
-- (See below for the actual view)
--
CREATE TABLE `sales_per_service` (
`Service_Description` varchar(150)
,`SALES` bigint(21)
);

-- --------------------------------------------------------

--
-- Table structure for table `services`
--

CREATE TABLE `services` (
  `Service_ID` int(11) UNSIGNED NOT NULL,
  `Service_Description` varchar(150) NOT NULL
) ENGINE=InnoDB DEFAULT CHARSET=utf8mb4;

--
-- Dumping data for table `services`
--

INSERT INTO `services` (`Service_ID`, `Service_Description`) VALUES
(1, 'Drinks/Bar'),
(2, 'Restaurant Food/Drinks'),
(3, 'Hairdressing'),
(4, 'Gym'),
(5, 'Sauna'),
(6, 'Usage of Conference Room');

-- --------------------------------------------------------

--
-- Table structure for table `service_charge`
--

CREATE TABLE `service_charge` (
  `NFC_ID` int(11) UNSIGNED NOT NULL,
  `Service_ID` int(11) UNSIGNED NOT NULL,
  `Charge_Desc` varchar(150) NOT NULL,
  `Charge_Price` smallint(5) UNSIGNED NOT NULL,
  `Charge_Date` date NOT NULL,
  `Charge_Time` time NOT NULL
) ENGINE=InnoDB DEFAULT CHARSET=utf8mb4;

--
-- Dumping data for table `service_charge`
--

INSERT INTO `service_charge` (`NFC_ID`, `Service_ID`, `Charge_Desc`, `Charge_Price`, `Charge_Date`, `Charge_Time`) VALUES
(1, 1, '3 beer + 1 sprite', 18, '2020-08-15', '03:46:00'),
(1, 1, '3 cocktail + 3 sprite', 39, '2020-08-23', '15:51:00'),
(1, 1, '3 sprite', 9, '2020-10-06', '10:41:00'),
(1, 1, '2 ice tea + 1 coca cola', 9, '2020-11-05', '08:00:00'),
(1, 1, '1 beer', 5, '2020-12-01', '03:57:00'),
(1, 1, '3 ice tea + 1 coca cola', 12, '2021-01-15', '23:39:00'),
(1, 1, '3 sprite + 1 ice tea', 12, '2021-03-16', '15:27:00'),
(1, 1, '1 coffee + 2 lemonade', 10, '2021-03-26', '23:44:00'),
(1, 1, '3 sprite + 3 ice tea', 18, '2021-06-26', '11:28:00'),
(1, 2, '2 hamburger + 3 happy meal', 53, '2020-08-13', '06:37:00'),
(1, 2, '1 steak + 1 filet mignon', 45, '2020-09-01', '02:43:00'),
(1, 2, '3 filet mignon + 2 happy meal', 108, '2020-11-02', '09:03:00'),
(1, 2, '3 pepsi + 3 hamburger', 48, '2020-12-21', '22:09:00'),
(1, 2, '2 happy meal + 1 filet mignon', 48, '2020-12-24', '06:29:00'),
(1, 2, '1 lasagna + 1 happy meal', 19, '2021-02-02', '12:01:00'),
(1, 2, '1 hamburger + 3 pepsi', 22, '2021-02-05', '20:39:00'),
(1, 3, '1 hairstyle', 15, '2020-07-27', '02:07:00'),
(1, 3, '1 haircut', 30, '2020-10-18', '07:03:00'),
(1, 3, '1 balayage', 20, '2020-12-01', '22:51:00'),
(1, 3, '1 haircut', 30, '2020-12-17', '22:48:00'),
(1, 3, '1 balayage', 20, '2021-05-18', '22:29:00'),
(1, 3, '1 balayage', 20, '2021-06-12', '02:52:00'),
(1, 3, '1 hairstyle', 15, '2021-06-26', '13:54:00'),
(1, 4, '1 workout', 10, '2020-07-06', '15:14:00'),
(1, 4, '1 workout', 10, '2020-07-19', '15:24:00'),
(1, 4, '1 workout', 10, '2020-11-08', '10:02:00'),
(1, 4, '1 workout', 10, '2020-11-10', '23:09:00'),
(1, 4, '1 workout', 10, '2020-12-17', '18:01:00'),
(1, 4, '1 workout', 10, '2021-01-23', '18:03:00'),
(1, 4, '1 workout', 10, '2021-02-22', '21:21:00'),
(1, 4, '1 workout', 10, '2021-03-12', '19:48:00'),
(1, 4, '1 workout', 10, '2021-03-24', '01:07:00'),
(1, 4, '1 workout', 10, '2021-05-21', '14:57:00'),
(1, 4, '1 workout', 10, '2021-05-21', '23:50:00'),
(1, 4, '1 workout', 10, '2021-05-22', '09:53:00'),
(1, 5, '1 sauna', 50, '2020-07-03', '10:22:00'),
(1, 5, '1 sauna', 50, '2020-07-21', '01:29:00'),
(1, 5, '1 sauna', 50, '2020-12-22', '11:39:00'),
(1, 5, '1 sauna', 50, '2021-02-08', '01:42:00'),
(1, 5, '1 sauna', 50, '2021-02-26', '09:04:00'),
(1, 5, '1 sauna', 50, '2021-05-26', '20:58:00'),
(1, 5, '1 sauna', 50, '2021-06-08', '00:20:00'),
(1, 5, '1 sauna', 50, '2021-06-10', '03:32:00'),
(1, 6, '1 conference', 300, '2020-07-01', '22:08:00'),
(1, 6, '1 conference', 300, '2020-08-25', '06:36:00'),
(1, 6, '1 conference', 300, '2020-09-14', '03:49:00'),
(1, 6, '1 conference', 300, '2020-10-04', '07:19:00'),
(1, 6, '1 conference', 300, '2020-10-12', '18:41:00'),
(1, 6, '1 conference', 300, '2020-12-11', '01:32:00'),
(1, 6, '1 conference', 300, '2021-01-16', '04:51:00'),
(1, 6, '1 conference', 300, '2021-05-12', '12:33:00'),
(2, 1, '2 cocktail + 3 coffee', 32, '2020-07-18', '21:18:00'),
(2, 1, '2 sprite', 6, '2020-08-07', '23:34:00'),
(2, 1, '3 cocktail + 3 coffee', 42, '2020-09-07', '01:37:00'),
(2, 1, '2 ice tea + 1 coffee', 10, '2020-09-27', '22:38:00'),
(2, 1, '1 coffee + 2 cocktail', 24, '2020-11-20', '23:05:00'),
(2, 1, '3 sprite + 1 ice tea', 12, '2020-12-16', '04:06:00'),
(2, 1, '2 coffee + 1 cocktail', 18, '2021-02-21', '10:38:00'),
(2, 1, '1 beer', 5, '2021-03-01', '14:46:00'),
(2, 1, '1 lemonade', 3, '2021-06-07', '15:02:00'),
(2, 2, '2 fish fillet + 3 steak', 73, '2020-09-08', '19:03:00'),
(2, 2, '1 hamburger + 2 lasagna', 33, '2020-12-14', '17:17:00'),
(2, 2, '2 hamburger + 1 lasagna', 36, '2021-01-20', '17:10:00'),
(2, 2, '2 lasagna', 20, '2021-03-06', '15:10:00'),
(2, 2, '1 happy meal + 2 fish fillet', 37, '2021-05-11', '22:44:00'),
(2, 2, '1 hamburger + 3 fish fillet', 55, '2021-05-16', '22:33:00'),
(2, 2, '2 pepsi + 3 happy meal', 33, '2021-06-08', '20:26:00'),
(2, 3, '1 haircut', 30, '2020-07-11', '06:40:00'),
(2, 3, '1 hairstyle', 15, '2020-08-13', '06:13:00'),
(2, 3, '1 haircut', 30, '2020-10-07', '10:31:00'),
(2, 3, '1 balayage', 20, '2020-11-05', '15:25:00'),
(2, 3, '1 haircut', 30, '2020-12-13', '01:04:00'),
(2, 3, '1 balayage', 20, '2020-12-14', '13:48:00'),
(2, 3, '1 balayage', 20, '2021-03-01', '13:47:00'),
(2, 3, '1 balayage', 20, '2021-04-18', '22:19:00'),
(2, 4, '1 workout', 10, '2020-07-11', '13:18:00'),
(2, 4, '1 workout', 10, '2020-08-26', '18:41:00'),
(2, 4, '1 workout', 10, '2020-09-18', '14:25:00'),
(2, 4, '1 workout', 10, '2020-10-14', '23:58:00'),
(2, 4, '1 workout', 10, '2020-11-22', '00:43:00'),
(2, 4, '1 workout', 10, '2020-12-24', '22:08:00'),
(2, 4, '1 workout', 10, '2021-02-11', '14:38:00'),
(2, 4, '1 workout', 10, '2021-02-13', '06:34:00'),
(2, 4, '1 workout', 10, '2021-05-14', '20:20:00'),
(2, 5, '1 sauna', 50, '2020-11-26', '16:12:00'),
(2, 5, '1 sauna', 50, '2020-12-22', '05:20:00'),
(2, 5, '1 sauna', 50, '2021-01-11', '03:45:00'),
(2, 5, '1 sauna', 50, '2021-04-20', '01:18:00'),
(2, 5, '1 sauna', 50, '2021-06-04', '14:49:00'),
(2, 5, '1 sauna', 50, '2021-06-06', '02:54:00'),
(2, 6, '1 conference', 300, '2020-07-27', '12:22:00'),
(2, 6, '1 conference', 300, '2020-08-03', '15:50:00'),
(2, 6, '1 conference', 300, '2020-10-20', '11:39:00'),
(2, 6, '1 conference', 300, '2020-11-01', '23:30:00'),
(2, 6, '1 conference', 300, '2020-11-08', '21:04:00'),
(2, 6, '1 conference', 300, '2020-12-06', '19:39:00'),
(2, 6, '1 conference', 300, '2021-02-09', '03:25:00'),
(2, 6, '1 conference', 300, '2021-02-22', '19:04:00'),
(2, 6, '1 conference', 300, '2021-03-22', '14:02:00'),
(2, 6, '1 conference', 300, '2021-05-04', '16:03:00'),
(2, 6, '1 conference', 300, '2021-05-11', '06:28:00'),
(2, 6, '1 conference', 300, '2021-06-11', '06:19:00'),
(3, 1, '2 cocktail + 2 coffee', 28, '2020-07-07', '23:07:00'),
(3, 1, '1 beer + 3 coffee', 17, '2020-07-19', '19:01:00'),
(3, 1, '3 coffee', 12, '2020-10-22', '15:47:00'),
(3, 1, '3 beer + 1 sprite', 18, '2021-01-24', '04:52:00'),
(3, 1, '3 sprite + 2 lemonade', 15, '2021-03-07', '09:20:00'),
(3, 1, '1 beer + 2 coca cola', 11, '2021-03-08', '04:02:00'),
(3, 1, '2 coca cola + 2 lemonade', 12, '2021-04-20', '07:14:00'),
(3, 1, '1 beer', 5, '2021-05-04', '13:50:00'),
(3, 1, '2 beer + 2 sprite', 16, '2021-05-05', '04:25:00'),
(3, 2, '2 fish fillet + 3 happy meal', 55, '2020-07-05', '05:32:00'),
(3, 2, '1 fish fillet', 14, '2020-09-02', '02:51:00'),
(3, 2, '1 steak + 2 fish fillet', 43, '2020-10-15', '04:38:00'),
(3, 2, '1 pepsi + 1 steak', 18, '2020-11-15', '00:34:00'),
(3, 2, '1 steak + 1 fish fillet', 29, '2021-01-25', '21:55:00'),
(3, 2, '2 hamburger + 1 happy meal', 35, '2021-03-27', '02:33:00'),
(3, 2, '2 steak', 30, '2021-04-04', '18:35:00'),
(3, 2, '2 steak + 1 hamburger', 43, '2021-05-12', '10:55:00'),
(3, 3, '1 hairstyle', 15, '2020-11-12', '14:57:00'),
(3, 3, '1 haircut', 30, '2020-12-24', '19:55:00'),
(3, 3, '1 haircut', 30, '2021-02-08', '11:03:00'),
(3, 3, '1 balayage', 20, '2021-04-07', '19:23:00'),
(3, 3, '1 balayage', 20, '2021-04-17', '23:43:00'),
(3, 3, '1 haircut', 30, '2021-05-05', '13:58:00'),
(3, 3, '1 haircut', 30, '2021-05-18', '04:32:00'),
(3, 3, '1 hairstyle', 15, '2021-05-20', '14:24:00'),
(3, 3, '1 balayage', 20, '2021-05-22', '10:37:00'),
(3, 4, '1 workout', 10, '2020-07-22', '06:51:00'),
(3, 4, '1 workout', 10, '2020-08-05', '10:27:00'),
(3, 4, '1 workout', 10, '2020-09-15', '18:01:00'),
(3, 4, '1 workout', 10, '2020-11-11', '00:49:00'),
(3, 4, '1 workout', 10, '2020-12-15', '17:11:00'),
(3, 4, '1 workout', 10, '2021-01-15', '20:52:00'),
(3, 4, '1 workout', 10, '2021-01-21', '18:50:00'),
(3, 5, '1 sauna', 50, '2020-07-19', '19:09:00'),
(3, 5, '1 sauna', 50, '2020-08-07', '16:29:00'),
(3, 5, '1 sauna', 50, '2020-11-08', '14:05:00'),
(3, 5, '1 sauna', 50, '2021-01-09', '13:10:00'),
(3, 5, '1 sauna', 50, '2021-02-27', '14:28:00'),
(3, 5, '1 sauna', 50, '2021-03-09', '23:48:00'),
(3, 5, '1 sauna', 50, '2021-03-15', '18:19:00'),
(3, 5, '1 sauna', 50, '2021-05-21', '23:13:00'),
(3, 5, '1 sauna', 50, '2021-06-01', '08:15:00'),
(3, 6, '1 conference', 300, '2020-07-14', '22:50:00'),
(3, 6, '1 conference', 300, '2020-08-24', '06:12:00'),
(3, 6, '1 conference', 300, '2020-09-14', '16:18:00'),
(3, 6, '1 conference', 300, '2020-09-22', '14:12:00'),
(3, 6, '1 conference', 300, '2020-09-22', '23:23:00'),
(3, 6, '1 conference', 300, '2021-01-24', '15:20:00'),
(3, 6, '1 conference', 300, '2021-04-18', '19:48:00'),
(3, 6, '1 conference', 300, '2021-05-14', '21:36:00'),
(3, 6, '1 conference', 300, '2021-06-27', '12:18:00'),
(4, 1, '3 coffee', 12, '2020-10-14', '01:01:00'),
(4, 1, '3 coca cola + 3 ice tea', 18, '2020-11-15', '07:26:00'),
(4, 1, '1 sprite + 1 cocktail', 13, '2021-01-06', '07:53:00'),
(4, 1, '1 coca cola + 2 lemonade', 9, '2021-04-09', '05:14:00'),
(4, 1, '2 coffee + 1 ice tea', 11, '2021-06-07', '03:53:00'),
(4, 1, '3 cocktail + 1 beer', 35, '2021-06-10', '04:26:00'),
(4, 2, '2 lasagna + 1 pepsi', 23, '2020-08-21', '20:00:00'),
(4, 2, '2 happy meal + 2 hamburger', 44, '2020-10-09', '11:24:00'),
(4, 2, '2 filet mignon + 3 lasagna', 90, '2020-11-04', '22:52:00'),
(4, 2, '2 hamburger + 2 filet mignon', 86, '2021-03-24', '00:02:00'),
(4, 2, '3 steak + 1 fish fillet', 59, '2021-04-17', '21:26:00'),
(4, 2, '2 fish fillet + 1 hamburger', 41, '2021-05-20', '10:33:00'),
(4, 3, '1 balayage', 20, '2020-07-18', '02:02:00'),
(4, 3, '1 hairstyle', 15, '2020-08-02', '04:16:00'),
(4, 3, '1 hairstyle', 15, '2020-08-24', '18:27:00'),
(4, 3, '1 hairstyle', 15, '2020-09-10', '22:15:00'),
(4, 3, '1 hairstyle', 15, '2021-01-11', '18:13:00'),
(4, 3, '1 hairstyle', 15, '2021-02-14', '05:50:00'),
(4, 3, '1 haircut', 30, '2021-02-17', '10:09:00'),
(4, 3, '1 haircut', 30, '2021-06-01', '19:05:00'),
(4, 3, '1 haircut', 30, '2021-06-12', '06:26:00'),
(4, 3, '1 haircut', 30, '2021-06-18', '00:27:00'),
(4, 4, '1 workout', 10, '2020-09-16', '01:07:00'),
(4, 4, '1 workout', 10, '2020-10-19', '22:30:00'),
(4, 4, '1 workout', 10, '2020-10-25', '16:03:00'),
(4, 4, '1 workout', 10, '2020-12-09', '21:09:00'),
(4, 4, '1 workout', 10, '2021-01-20', '01:03:00'),
(4, 4, '1 workout', 10, '2021-03-19', '15:43:00'),
(4, 4, '1 workout', 10, '2021-04-23', '11:20:00'),
(4, 4, '1 workout', 10, '2021-05-07', '12:19:00'),
(4, 4, '1 workout', 10, '2021-05-07', '13:30:00'),
(4, 4, '1 workout', 10, '2021-05-21', '20:06:00'),
(4, 4, '1 workout', 10, '2021-06-09', '23:48:00'),
(4, 4, '1 workout', 10, '2021-06-20', '00:58:00'),
(4, 5, '1 sauna', 50, '2020-07-09', '01:08:00'),
(4, 5, '1 sauna', 50, '2020-07-27', '11:48:00'),
(4, 5, '1 sauna', 50, '2020-09-01', '11:50:00'),
(4, 5, '1 sauna', 50, '2020-11-03', '06:00:00'),
(4, 5, '1 sauna', 50, '2020-12-04', '10:45:00'),
(4, 5, '1 sauna', 50, '2020-12-13', '19:37:00'),
(4, 5, '1 sauna', 50, '2021-04-04', '15:13:00'),
(4, 5, '1 sauna', 50, '2021-04-06', '17:43:00'),
(4, 5, '1 sauna', 50, '2021-04-12', '04:36:00'),
(4, 5, '1 sauna', 50, '2021-05-19', '20:47:00'),
(4, 5, '1 sauna', 50, '2021-06-05', '21:31:00'),
(4, 6, '1 conference', 300, '2020-10-23', '15:21:00'),
(4, 6, '1 conference', 300, '2020-11-15', '11:30:00'),
(4, 6, '1 conference', 300, '2021-01-11', '07:53:00'),
(4, 6, '1 conference', 300, '2021-02-19', '00:00:00'),
(4, 6, '1 conference', 300, '2021-05-25', '08:41:00'),
(4, 6, '1 conference', 300, '2021-06-27', '19:46:00'),
(5, 1, '2 cocktail + 1 coca cola', 23, '2020-08-03', '16:39:00'),
(5, 1, '1 beer + 3 coca cola', 14, '2020-08-21', '17:49:00'),
(5, 1, '1 cocktail + 3 coca cola', 19, '2020-09-18', '12:35:00'),
(5, 1, '1 beer + 1 ice tea', 8, '2020-10-05', '18:52:00'),
(5, 1, '2 cocktail + 1 beer', 25, '2021-01-03', '02:01:00'),
(5, 1, '3 coca cola + 3 coffee', 21, '2021-01-26', '00:56:00'),
(5, 1, '3 ice tea + 2 coffee', 17, '2021-04-07', '20:10:00'),
(5, 1, '3 sprite + 3 ice tea', 18, '2021-04-17', '04:36:00'),
(5, 1, '2 coca cola + 1 ice tea', 9, '2021-04-23', '22:51:00'),
(5, 1, '1 coca cola + 2 beer', 13, '2021-06-10', '04:06:00'),
(5, 2, '1 pepsi + 1 filet mignon', 33, '2020-07-06', '05:06:00'),
(5, 2, '1 lasagna + 3 steak', 55, '2020-08-05', '06:51:00'),
(5, 2, '2 hamburger', 26, '2020-08-27', '21:26:00'),
(5, 2, '2 happy meal + 1 fish fillet', 32, '2020-10-27', '12:15:00'),
(5, 2, '2 steak + 3 lasagna', 60, '2021-06-05', '22:10:00'),
(5, 3, '1 haircut', 30, '2020-07-04', '12:49:00'),
(5, 3, '1 haircut', 30, '2020-11-21', '14:14:00'),
(5, 3, '1 balayage', 20, '2020-11-25', '03:27:00'),
(5, 3, '1 hairstyle', 15, '2021-02-19', '07:37:00'),
(5, 3, '1 hairstyle', 15, '2021-03-19', '12:58:00'),
(5, 3, '1 balayage', 20, '2021-04-05', '22:46:00'),
(5, 3, '1 balayage', 20, '2021-05-13', '21:41:00'),
(5, 3, '1 hairstyle', 15, '2021-06-21', '04:32:00'),
(5, 4, '1 workout', 10, '2020-07-17', '13:58:00'),
(5, 4, '1 workout', 10, '2020-09-07', '16:39:00'),
(5, 4, '1 workout', 10, '2020-10-16', '09:25:00'),
(5, 4, '1 workout', 10, '2020-11-01', '23:32:00'),
(5, 4, '1 workout', 10, '2021-01-23', '13:37:00'),
(5, 4, '1 workout', 10, '2021-02-14', '12:14:00'),
(5, 4, '1 workout', 10, '2021-05-14', '20:40:00'),
(5, 4, '1 workout', 10, '2021-05-16', '10:01:00'),
(5, 5, '1 sauna', 50, '2020-07-05', '20:38:00'),
(5, 5, '1 sauna', 50, '2020-09-18', '18:39:00'),
(5, 5, '1 sauna', 50, '2021-01-12', '12:53:00'),
(5, 5, '1 sauna', 50, '2021-02-11', '01:49:00'),
(5, 5, '1 sauna', 50, '2021-02-12', '04:02:00'),
(5, 5, '1 sauna', 50, '2021-03-15', '03:54:00'),
(5, 5, '1 sauna', 50, '2021-03-17', '11:20:00'),
(5, 5, '1 sauna', 50, '2021-04-18', '16:26:00'),
(5, 6, '1 conference', 300, '2020-07-06', '10:10:00'),
(5, 6, '1 conference', 300, '2020-07-27', '10:05:00'),
(5, 6, '1 conference', 300, '2020-09-04', '18:52:00'),
(5, 6, '1 conference', 300, '2020-10-26', '16:04:00'),
(5, 6, '1 conference', 300, '2020-10-26', '17:05:00'),
(5, 6, '1 conference', 300, '2020-11-15', '02:55:00'),
(5, 6, '1 conference', 300, '2020-11-18', '12:45:00'),
(5, 6, '1 conference', 300, '2020-12-13', '03:48:00'),
(5, 6, '1 conference', 300, '2021-04-10', '12:53:00'),
(5, 6, '1 conference', 300, '2021-06-10', '07:01:00'),
(5, 6, '1 conference', 300, '2021-06-19', '04:53:00'),
(6, 1, '2 beer', 10, '2020-07-17', '14:55:00'),
(6, 1, '1 coffee + 1 coca cola', 7, '2020-09-10', '11:19:00'),
(6, 1, '1 ice tea + 3 lemonade', 12, '2020-09-20', '17:19:00'),
(6, 1, '2 coca cola + 1 beer', 11, '2020-11-08', '03:15:00'),
(6, 1, '3 ice tea + 2 cocktail', 29, '2020-11-20', '16:50:00'),
(6, 1, '3 cocktail + 2 beer', 40, '2021-01-20', '04:23:00'),
(6, 2, '2 hamburger + 3 fish fillet', 68, '2020-07-16', '10:08:00'),
(6, 2, '3 steak + 3 fish fillet', 87, '2020-10-03', '22:07:00'),
(6, 2, '1 filet mignon + 3 hamburger', 69, '2020-12-18', '01:24:00'),
(6, 2, '3 lasagna + 3 steak', 75, '2020-12-19', '17:05:00'),
(6, 2, '1 pepsi + 3 lasagna', 33, '2021-02-11', '02:13:00'),
(6, 2, '3 fish fillet + 2 filet mignon', 102, '2021-02-21', '00:58:00'),
(6, 2, '2 hamburger + 1 steak', 41, '2021-03-17', '08:44:00'),
(6, 2, '3 hamburger + 3 happy meal', 66, '2021-04-27', '18:21:00'),
(6, 3, '1 hairstyle', 15, '2021-03-01', '13:38:00'),
(6, 3, '1 haircut', 30, '2021-04-06', '13:14:00'),
(6, 3, '1 hairstyle', 15, '2021-04-19', '18:51:00'),
(6, 3, '1 haircut', 30, '2021-05-16', '06:01:00'),
(6, 3, '1 haircut', 30, '2021-06-01', '07:32:00'),
(6, 4, '1 workout', 10, '2020-07-06', '13:35:00'),
(6, 4, '1 workout', 10, '2020-07-09', '09:50:00'),
(6, 4, '1 workout', 10, '2020-07-27', '22:15:00'),
(6, 4, '1 workout', 10, '2020-10-10', '23:40:00'),
(6, 4, '1 workout', 10, '2020-10-26', '05:00:00'),
(6, 4, '1 workout', 10, '2020-11-05', '11:26:00'),
(6, 4, '1 workout', 10, '2020-12-07', '12:17:00'),
(6, 4, '1 workout', 10, '2020-12-20', '05:17:00'),
(6, 4, '1 workout', 10, '2020-12-20', '11:38:00'),
(6, 4, '1 workout', 10, '2021-01-24', '02:20:00'),
(6, 4, '1 workout', 10, '2021-02-19', '04:13:00'),
(6, 4, '1 workout', 10, '2021-03-09', '13:26:00'),
(6, 4, '1 workout', 10, '2021-06-27', '19:52:00'),
(6, 5, '1 sauna', 50, '2020-08-22', '12:26:00'),
(6, 5, '1 sauna', 50, '2020-10-17', '12:18:00'),
(6, 5, '1 sauna', 50, '2020-10-20', '19:14:00'),
(6, 5, '1 sauna', 50, '2020-11-03', '07:51:00'),
(6, 5, '1 sauna', 50, '2020-11-08', '16:22:00'),
(6, 5, '1 sauna', 50, '2020-12-08', '21:30:00'),
(6, 5, '1 sauna', 50, '2021-02-09', '04:36:00'),
(6, 5, '1 sauna', 50, '2021-03-07', '07:39:00'),
(6, 5, '1 sauna', 50, '2021-03-17', '01:45:00'),
(6, 5, '1 sauna', 50, '2021-06-03', '11:51:00'),
(6, 5, '1 sauna', 50, '2021-06-11', '01:31:00'),
(6, 6, '1 conference', 300, '2020-11-17', '04:26:00'),
(6, 6, '1 conference', 300, '2020-11-22', '00:01:00'),
(6, 6, '1 conference', 300, '2020-11-27', '04:06:00'),
(6, 6, '1 conference', 300, '2020-12-02', '23:43:00'),
(6, 6, '1 conference', 300, '2020-12-22', '04:46:00'),
(6, 6, '1 conference', 300, '2021-01-25', '22:30:00'),
(6, 6, '1 conference', 300, '2021-02-14', '18:38:00'),
(6, 6, '1 conference', 300, '2021-05-22', '09:08:00'),
(7, 1, '3 beer + 3 sprite', 24, '2020-08-25', '21:49:00'),
(7, 1, '3 sprite + 1 ice tea', 12, '2020-11-10', '16:52:00'),
(7, 1, '3 beer + 2 coca cola', 21, '2020-12-14', '02:05:00'),
(7, 1, '1 sprite + 3 coffee', 15, '2021-04-06', '00:40:00'),
(7, 1, '3 lemonade', 9, '2021-04-19', '08:17:00'),
(7, 1, '2 lemonade + 2 ice tea', 12, '2021-06-26', '20:40:00'),
(7, 2, '1 happy meal + 3 steak', 54, '2020-08-26', '04:58:00'),
(7, 2, '2 hamburger + 2 fish fillet', 54, '2020-09-11', '03:53:00'),
(7, 2, '3 pepsi + 3 happy meal', 36, '2020-09-22', '16:34:00'),
(7, 2, '1 steak + 2 lasagna', 35, '2020-10-02', '02:26:00'),
(7, 2, '2 fish fillet + 1 happy meal', 37, '2021-03-12', '15:04:00'),
(7, 2, '3 hamburger + 3 steak', 84, '2021-04-04', '01:26:00'),
(7, 2, '2 filet mignon + 1 lasagna', 70, '2021-05-04', '09:49:00'),
(7, 3, '1 hairstyle', 15, '2020-09-23', '17:43:00'),
(7, 3, '1 haircut', 30, '2020-09-26', '00:57:00'),
(7, 3, '1 balayage', 20, '2020-09-27', '09:04:00'),
(7, 3, '1 hairstyle', 15, '2020-10-07', '07:26:00'),
(7, 3, '1 balayage', 20, '2021-01-03', '17:53:00'),
(7, 3, '1 hairstyle', 15, '2021-01-05', '17:54:00'),
(7, 3, '1 hairstyle', 15, '2021-04-16', '22:16:00'),
(7, 3, '1 haircut', 30, '2021-04-22', '12:53:00'),
(7, 3, '1 haircut', 30, '2021-05-09', '23:41:00'),
(7, 3, '1 balayage', 20, '2021-05-12', '21:45:00'),
(7, 3, '1 hairstyle', 15, '2021-06-12', '05:24:00'),
(7, 3, '1 haircut', 30, '2021-06-23', '02:30:00'),
(7, 4, '1 workout', 10, '2020-09-11', '02:00:00'),
(7, 4, '1 workout', 10, '2020-10-03', '16:38:00'),
(7, 4, '1 workout', 10, '2020-11-11', '23:09:00'),
(7, 4, '1 workout', 10, '2021-02-19', '21:51:00'),
(7, 4, '1 workout', 10, '2021-04-04', '18:38:00'),
(7, 4, '1 workout', 10, '2021-05-04', '01:31:00'),
(7, 4, '1 workout', 10, '2021-05-17', '15:32:00'),
(7, 4, '1 workout', 10, '2021-05-19', '08:58:00'),
(7, 5, '1 sauna', 50, '2020-07-21', '21:03:00'),
(7, 5, '1 sauna', 50, '2020-07-25', '17:43:00'),
(7, 5, '1 sauna', 50, '2020-10-06', '23:51:00'),
(7, 5, '1 sauna', 50, '2020-10-09', '17:47:00'),
(7, 5, '1 sauna', 50, '2020-11-14', '07:51:00'),
(7, 5, '1 sauna', 50, '2021-02-25', '03:16:00'),
(7, 5, '1 sauna', 50, '2021-03-08', '10:46:00'),
(7, 6, '1 conference', 300, '2020-09-24', '12:31:00'),
(7, 6, '1 conference', 300, '2020-10-18', '23:42:00'),
(7, 6, '1 conference', 300, '2020-10-23', '13:37:00'),
(7, 6, '1 conference', 300, '2020-10-24', '04:53:00'),
(7, 6, '1 conference', 300, '2020-11-09', '04:32:00'),
(7, 6, '1 conference', 300, '2020-11-24', '14:24:00'),
(7, 6, '1 conference', 300, '2020-12-05', '23:45:00'),
(7, 6, '1 conference', 300, '2020-12-12', '09:24:00'),
(7, 6, '1 conference', 300, '2021-02-08', '14:47:00'),
(7, 6, '1 conference', 300, '2021-03-06', '22:05:00'),
(7, 6, '1 conference', 300, '2021-06-26', '17:46:00'),
(8, 1, '1 coca cola + 2 sprite', 9, '2020-09-03', '01:39:00'),
(8, 1, '3 cocktail + 3 sprite', 39, '2020-10-17', '07:52:00'),
(8, 1, '2 ice tea + 3 lemonade', 15, '2020-10-26', '02:22:00'),
(8, 1, '1 cocktail + 1 coffee', 14, '2020-12-13', '20:37:00'),
(8, 1, '3 sprite + 3 coffee', 21, '2020-12-15', '11:32:00'),
(8, 1, '2 coffee + 3 sprite', 17, '2021-04-17', '14:30:00'),
(8, 1, '3 lemonade + 3 cocktail', 39, '2021-05-02', '18:24:00'),
(8, 1, '1 lemonade + 2 beer', 13, '2021-05-11', '04:12:00'),
(8, 1, '3 coffee + 2 sprite', 18, '2021-05-14', '23:38:00'),
(8, 2, '3 happy meal + 1 pepsi', 30, '2020-07-22', '14:43:00'),
(8, 2, '1 hamburger', 13, '2020-11-06', '05:27:00'),
(8, 2, '3 pepsi + 3 hamburger', 48, '2020-11-12', '23:56:00'),
(8, 2, '1 pepsi', 3, '2021-01-14', '09:45:00'),
(8, 2, '2 steak + 2 fish fillet', 58, '2021-01-16', '19:00:00'),
(8, 2, '3 hamburger + 3 happy meal', 66, '2021-02-15', '05:34:00'),
(8, 2, '3 fish fillet + 1 lasagna', 52, '2021-03-07', '03:19:00'),
(8, 2, '2 steak', 30, '2021-03-21', '08:27:00'),
(8, 2, '1 hamburger + 3 lasagna', 43, '2021-04-03', '10:21:00'),
(8, 3, '1 haircut', 30, '2020-07-19', '15:10:00'),
(8, 3, '1 hairstyle', 15, '2020-08-09', '06:29:00'),
(8, 3, '1 hairstyle', 15, '2020-08-14', '20:24:00'),
(8, 3, '1 haircut', 30, '2021-01-01', '06:01:00'),
(8, 3, '1 hairstyle', 15, '2021-03-22', '08:24:00'),
(8, 4, '1 workout', 10, '2020-08-19', '17:11:00'),
(8, 4, '1 workout', 10, '2020-08-26', '00:26:00'),
(8, 4, '1 workout', 10, '2020-09-05', '00:40:00'),
(8, 4, '1 workout', 10, '2020-09-22', '13:04:00'),
(8, 4, '1 workout', 10, '2020-10-18', '02:29:00'),
(8, 4, '1 workout', 10, '2020-11-14', '14:46:00'),
(8, 4, '1 workout', 10, '2020-11-24', '19:57:00'),
(8, 4, '1 workout', 10, '2020-12-22', '02:06:00'),
(8, 4, '1 workout', 10, '2021-02-10', '20:35:00'),
(8, 4, '1 workout', 10, '2021-03-10', '16:32:00'),
(8, 4, '1 workout', 10, '2021-04-23', '12:14:00'),
(8, 5, '1 sauna', 50, '2020-07-17', '10:49:00'),
(8, 5, '1 sauna', 50, '2020-10-14', '00:58:00'),
(8, 5, '1 sauna', 50, '2020-10-19', '16:21:00'),
(8, 5, '1 sauna', 50, '2020-12-03', '08:38:00'),
(8, 5, '1 sauna', 50, '2021-01-06', '18:13:00'),
(8, 5, '1 sauna', 50, '2021-01-14', '17:40:00'),
(8, 5, '1 sauna', 50, '2021-02-18', '11:07:00'),
(8, 5, '1 sauna', 50, '2021-05-24', '00:01:00'),
(8, 6, '1 conference', 300, '2020-09-23', '18:45:00'),
(8, 6, '1 conference', 300, '2020-10-24', '08:14:00'),
(8, 6, '1 conference', 300, '2020-11-06', '07:26:00'),
(8, 6, '1 conference', 300, '2020-11-10', '18:25:00'),
(8, 6, '1 conference', 300, '2020-12-22', '08:21:00'),
(8, 6, '1 conference', 300, '2021-02-04', '19:20:00'),
(8, 6, '1 conference', 300, '2021-02-24', '03:50:00'),
(8, 6, '1 conference', 300, '2021-03-09', '04:30:00'),
(8, 6, '1 conference', 300, '2021-06-25', '18:07:00'),
(9, 1, '3 coca cola + 3 sprite', 18, '2020-10-21', '06:41:00'),
(9, 1, '1 coffee + 1 sprite', 7, '2020-11-10', '04:35:00'),
(9, 1, '3 coffee + 2 sprite', 18, '2020-12-06', '11:28:00'),
(9, 1, '1 beer', 5, '2020-12-21', '18:00:00'),
(9, 1, '3 lemonade + 1 cocktail', 19, '2021-01-12', '05:26:00'),
(9, 1, '3 lemonade', 9, '2021-02-04', '06:08:00'),
(9, 1, '2 sprite + 3 beer', 21, '2021-03-18', '05:45:00'),
(9, 2, '2 pepsi + 3 fish fillet', 48, '2020-07-09', '19:55:00'),
(9, 2, '3 steak + 3 happy meal', 72, '2020-07-23', '20:09:00'),
(9, 2, '2 lasagna + 2 hamburger', 46, '2020-08-04', '00:53:00'),
(9, 2, '3 lasagna', 30, '2020-08-22', '18:51:00'),
(9, 2, '2 hamburger + 2 fish fillet', 54, '2020-10-08', '08:20:00'),
(9, 2, '1 lasagna + 1 fish fillet', 24, '2020-10-20', '06:47:00'),
(9, 2, '3 lasagna + 3 pepsi', 39, '2021-01-20', '23:50:00'),
(9, 2, '3 steak + 3 happy meal', 72, '2021-01-22', '21:05:00'),
(9, 2, '3 hamburger + 2 steak', 69, '2021-02-22', '07:54:00'),
(9, 2, '2 happy meal', 18, '2021-06-01', '00:26:00'),
(9, 2, '1 filet mignon + 1 pepsi', 33, '2021-06-02', '10:11:00'),
(9, 3, '1 hairstyle', 15, '2020-07-12', '18:26:00'),
(9, 3, '1 hairstyle', 15, '2020-10-26', '05:10:00'),
(9, 3, '1 balayage', 20, '2021-03-22', '16:13:00'),
(9, 3, '1 haircut', 30, '2021-04-04', '22:27:00'),
(9, 4, '1 workout', 10, '2020-07-03', '17:00:00'),
(9, 4, '1 workout', 10, '2020-07-05', '22:00:00'),
(9, 4, '1 workout', 10, '2020-11-18', '07:40:00'),
(9, 4, '1 workout', 10, '2020-11-18', '12:55:00'),
(9, 4, '1 workout', 10, '2020-12-18', '05:42:00'),
(9, 4, '1 workout', 10, '2021-01-21', '14:51:00'),
(9, 4, '1 workout', 10, '2021-03-20', '10:30:00'),
(9, 4, '1 workout', 10, '2021-04-11', '10:19:00'),
(9, 4, '1 workout', 10, '2021-05-24', '03:25:00'),
(9, 5, '1 sauna', 50, '2020-07-16', '09:13:00'),
(9, 5, '1 sauna', 50, '2020-08-23', '16:12:00'),
(9, 5, '1 sauna', 50, '2020-10-10', '03:21:00'),
(9, 5, '1 sauna', 50, '2020-10-26', '20:11:00'),
(9, 5, '1 sauna', 50, '2020-11-15', '13:19:00'),
(9, 5, '1 sauna', 50, '2020-11-17', '03:06:00'),
(9, 5, '1 sauna', 50, '2020-12-11', '19:53:00'),
(9, 5, '1 sauna', 50, '2021-01-22', '00:52:00'),
(9, 5, '1 sauna', 50, '2021-02-19', '05:10:00'),
(9, 5, '1 sauna', 50, '2021-04-07', '19:48:00'),
(9, 5, '1 sauna', 50, '2021-05-09', '03:34:00'),
(9, 6, '1 conference', 300, '2020-08-24', '18:49:00'),
(9, 6, '1 conference', 300, '2020-11-01', '18:07:00'),
(9, 6, '1 conference', 300, '2020-11-14', '02:51:00'),
(9, 6, '1 conference', 300, '2020-11-19', '09:13:00'),
(9, 6, '1 conference', 300, '2020-12-11', '21:55:00'),
(9, 6, '1 conference', 300, '2020-12-20', '04:19:00'),
(9, 6, '1 conference', 300, '2020-12-24', '09:23:00'),
(9, 6, '1 conference', 300, '2021-03-12', '09:55:00'),
(9, 6, '1 conference', 300, '2021-03-19', '05:58:00'),
(10, 1, '2 coffee + 2 cocktail', 28, '2020-08-09', '10:11:00'),
(10, 1, '3 beer + 1 ice tea', 18, '2021-01-09', '12:34:00'),
(10, 1, '3 sprite + 2 cocktail', 29, '2021-02-15', '04:08:00'),
(10, 1, '3 coca cola + 3 ice tea', 18, '2021-02-24', '00:58:00'),
(10, 1, '1 beer', 5, '2021-04-21', '16:36:00'),
(10, 1, '2 lemonade + 1 beer', 11, '2021-06-11', '21:19:00'),
(10, 2, '2 steak + 1 fish fillet', 44, '2020-07-14', '06:13:00'),
(10, 2, '2 lasagna + 1 pepsi', 23, '2020-07-15', '19:06:00'),
(10, 2, '1 fish fillet + 2 hamburger', 40, '2020-08-27', '08:25:00'),
(10, 2, '3 steak + 3 lasagna', 75, '2020-10-22', '13:37:00'),
(10, 2, '3 happy meal + 2 fish fillet', 55, '2021-01-06', '04:11:00'),
(10, 2, '2 hamburger + 1 fish fillet', 40, '2021-01-18', '14:25:00'),
(10, 2, '2 pepsi', 6, '2021-02-22', '07:22:00'),
(10, 2, '1 filet mignon + 3 happy meal', 57, '2021-03-02', '06:42:00'),
(10, 2, '3 filet mignon + 1 hamburger', 103, '2021-03-06', '14:52:00'),
(10, 3, '1 hairstyle', 15, '2020-07-04', '04:39:00'),
(10, 3, '1 balayage', 20, '2020-11-19', '19:01:00'),
(10, 3, '1 haircut', 30, '2020-11-25', '07:37:00'),
(10, 3, '1 haircut', 30, '2020-11-27', '11:47:00'),
(10, 3, '1 hairstyle', 15, '2021-01-21', '20:18:00'),
(10, 3, '1 balayage', 20, '2021-02-11', '21:26:00'),
(10, 3, '1 balayage', 20, '2021-02-21', '08:05:00'),
(10, 3, '1 haircut', 30, '2021-04-02', '18:24:00'),
(10, 3, '1 hairstyle', 15, '2021-04-05', '21:54:00'),
(10, 3, '1 haircut', 30, '2021-06-06', '20:22:00'),
(10, 3, '1 balayage', 20, '2021-06-11', '11:32:00'),
(10, 3, '1 hairstyle', 15, '2021-06-27', '19:23:00'),
(10, 4, '1 workout', 10, '2020-08-19', '07:09:00'),
(10, 4, '1 workout', 10, '2021-01-18', '19:38:00'),
(10, 4, '1 workout', 10, '2021-02-13', '22:35:00'),
(10, 4, '1 workout', 10, '2021-02-14', '16:33:00'),
(10, 4, '1 workout', 10, '2021-03-16', '03:25:00'),
(10, 4, '1 workout', 10, '2021-04-22', '06:20:00'),
(10, 5, '1 sauna', 50, '2020-07-23', '00:36:00'),
(10, 5, '1 sauna', 50, '2020-09-20', '01:55:00'),
(10, 5, '1 sauna', 50, '2020-11-16', '07:22:00'),
(10, 5, '1 sauna', 50, '2020-11-27', '06:13:00'),
(10, 5, '1 sauna', 50, '2021-01-06', '06:00:00'),
(10, 5, '1 sauna', 50, '2021-02-02', '15:13:00'),
(10, 5, '1 sauna', 50, '2021-03-07', '19:42:00'),
(10, 5, '1 sauna', 50, '2021-04-15', '00:05:00'),
(10, 5, '1 sauna', 50, '2021-04-26', '04:29:00'),
(10, 5, '1 sauna', 50, '2021-05-01', '03:17:00'),
(10, 5, '1 sauna', 50, '2021-05-14', '09:36:00'),
(10, 5, '1 sauna', 50, '2021-05-26', '16:29:00'),
(10, 6, '1 conference', 300, '2020-07-24', '11:35:00'),
(10, 6, '1 conference', 300, '2020-08-03', '11:12:00'),
(10, 6, '1 conference', 300, '2020-08-27', '08:10:00'),
(10, 6, '1 conference', 300, '2020-12-22', '22:44:00'),
(10, 6, '1 conference', 300, '2021-01-01', '18:14:00'),
(10, 6, '1 conference', 300, '2021-06-22', '20:46:00'),
(11, 1, '1 sprite + 1 cocktail', 13, '2020-07-24', '01:10:00'),
(11, 1, '1 beer + 3 ice tea', 14, '2020-09-12', '23:33:00'),
(11, 1, '2 ice tea + 3 coca cola', 15, '2020-11-15', '01:13:00'),
(11, 1, '3 beer + 1 coffee', 19, '2021-01-01', '19:34:00'),
(11, 1, '1 sprite', 3, '2021-02-27', '18:17:00'),
(11, 1, '1 coffee + 3 coca cola', 13, '2021-03-08', '22:46:00'),
(11, 1, '3 cocktail + 3 ice tea', 39, '2021-03-26', '01:45:00'),
(11, 2, '2 steak', 30, '2020-11-10', '11:00:00'),
(11, 2, '2 steak + 1 pepsi', 33, '2020-12-01', '02:30:00'),
(11, 2, '2 hamburger + 2 happy meal', 44, '2020-12-26', '14:10:00'),
(11, 2, '2 hamburger + 1 happy meal', 35, '2021-03-03', '18:31:00'),
(11, 2, '1 pepsi + 1 lasagna', 13, '2021-04-07', '14:04:00'),
(11, 2, '2 lasagna + 3 hamburger', 59, '2021-04-16', '23:45:00'),
(11, 2, '3 pepsi', 9, '2021-05-13', '17:29:00'),
(11, 2, '3 lasagna + 2 steak', 60, '2021-05-16', '00:01:00'),
(11, 3, '1 balayage', 20, '2020-07-05', '05:18:00'),
(11, 3, '1 hairstyle', 15, '2020-09-09', '23:45:00'),
(11, 3, '1 balayage', 20, '2020-10-06', '21:23:00'),
(11, 3, '1 hairstyle', 15, '2020-11-10', '21:15:00'),
(11, 3, '1 haircut', 30, '2021-01-07', '17:49:00'),
(11, 3, '1 hairstyle', 15, '2021-01-17', '17:46:00'),
(11, 3, '1 haircut', 30, '2021-02-09', '11:39:00'),
(11, 3, '1 balayage', 20, '2021-02-19', '04:41:00'),
(11, 3, '1 haircut', 30, '2021-03-27', '21:24:00'),
(11, 3, '1 hairstyle', 15, '2021-06-15', '11:00:00'),
(11, 4, '1 workout', 10, '2020-08-13', '08:31:00'),
(11, 4, '1 workout', 10, '2020-10-07', '14:35:00'),
(11, 4, '1 workout', 10, '2020-10-17', '15:13:00'),
(11, 4, '1 workout', 10, '2020-11-01', '21:28:00'),
(11, 4, '1 workout', 10, '2020-12-14', '07:05:00'),
(11, 4, '1 workout', 10, '2021-01-11', '04:30:00'),
(11, 4, '1 workout', 10, '2021-01-11', '10:50:00'),
(11, 4, '1 workout', 10, '2021-05-22', '02:26:00'),
(11, 5, '1 sauna', 50, '2020-08-13', '07:50:00'),
(11, 5, '1 sauna', 50, '2020-09-17', '03:19:00'),
(11, 5, '1 sauna', 50, '2020-10-11', '11:02:00'),
(11, 5, '1 sauna', 50, '2020-12-07', '09:34:00'),
(11, 5, '1 sauna', 50, '2021-02-22', '19:39:00'),
(11, 5, '1 sauna', 50, '2021-03-15', '03:33:00'),
(11, 5, '1 sauna', 50, '2021-03-18', '22:49:00'),
(11, 6, '1 conference', 300, '2020-10-02', '10:29:00'),
(11, 6, '1 conference', 300, '2020-10-13', '23:24:00'),
(11, 6, '1 conference', 300, '2020-10-17', '01:07:00'),
(11, 6, '1 conference', 300, '2020-10-23', '04:31:00'),
(11, 6, '1 conference', 300, '2020-11-20', '05:50:00'),
(11, 6, '1 conference', 300, '2020-11-27', '18:21:00'),
(11, 6, '1 conference', 300, '2021-01-12', '11:39:00'),
(11, 6, '1 conference', 300, '2021-02-05', '06:32:00'),
(11, 6, '1 conference', 300, '2021-02-12', '10:52:00'),
(11, 6, '1 conference', 300, '2021-03-08', '02:06:00'),
(11, 6, '1 conference', 300, '2021-05-13', '12:41:00'),
(12, 1, '3 sprite + 2 beer', 19, '2020-08-08', '21:26:00'),
(12, 1, '1 coffee + 3 coca cola', 13, '2020-09-18', '23:06:00'),
(12, 1, '3 beer', 15, '2020-10-22', '05:08:00'),
(12, 1, '1 cocktail + 2 ice tea', 16, '2020-10-26', '02:02:00'),
(12, 1, '2 beer + 2 ice tea', 16, '2020-10-26', '15:50:00'),
(12, 1, '1 coffee', 4, '2021-01-25', '02:00:00'),
(12, 1, '1 cocktail', 10, '2021-03-17', '07:42:00'),
(12, 1, '2 cocktail + 3 coffee', 32, '2021-03-23', '04:12:00'),
(12, 1, '1 cocktail + 1 coffee', 14, '2021-06-02', '03:39:00'),
(12, 2, '3 hamburger + 1 pepsi', 42, '2020-07-03', '16:51:00'),
(12, 2, '2 hamburger + 1 filet mignon', 56, '2020-07-24', '12:13:00'),
(12, 2, '2 happy meal + 1 fish fillet', 32, '2020-08-22', '23:52:00'),
(12, 2, '2 filet mignon + 2 steak', 90, '2020-09-08', '07:44:00'),
(12, 2, '3 pepsi + 2 filet mignon', 69, '2020-09-23', '08:37:00'),
(12, 2, '1 happy meal + 1 pepsi', 12, '2020-10-11', '20:08:00'),
(12, 2, '1 fish fillet + 3 filet mignon', 104, '2021-02-08', '02:21:00'),
(12, 2, '1 lasagna + 1 happy meal', 19, '2021-03-20', '09:38:00'),
(12, 2, '2 hamburger + 1 fish fillet', 40, '2021-04-04', '16:46:00'),
(12, 3, '1 haircut', 30, '2020-08-03', '05:21:00'),
(12, 3, '1 hairstyle', 15, '2020-10-10', '14:52:00'),
(12, 3, '1 hairstyle', 15, '2021-01-11', '00:11:00'),
(12, 3, '1 hairstyle', 15, '2021-02-07', '12:44:00'),
(12, 3, '1 balayage', 20, '2021-05-05', '08:19:00'),
(12, 4, '1 workout', 10, '2020-08-08', '15:10:00'),
(12, 4, '1 workout', 10, '2020-08-12', '00:44:00'),
(12, 4, '1 workout', 10, '2020-08-17', '00:32:00'),
(12, 4, '1 workout', 10, '2020-08-25', '19:04:00'),
(12, 4, '1 workout', 10, '2020-09-06', '17:54:00'),
(12, 4, '1 workout', 10, '2021-03-23', '03:56:00'),
(12, 4, '1 workout', 10, '2021-04-20', '05:18:00'),
(12, 4, '1 workout', 10, '2021-05-04', '11:31:00'),
(12, 5, '1 sauna', 50, '2020-07-02', '09:10:00'),
(12, 5, '1 sauna', 50, '2020-07-06', '18:58:00'),
(12, 5, '1 sauna', 50, '2020-10-21', '13:53:00'),
(12, 5, '1 sauna', 50, '2020-11-22', '09:42:00'),
(12, 5, '1 sauna', 50, '2020-12-16', '23:07:00'),
(12, 5, '1 sauna', 50, '2021-01-11', '00:43:00'),
(12, 5, '1 sauna', 50, '2021-01-15', '07:04:00'),
(12, 5, '1 sauna', 50, '2021-01-24', '17:14:00'),
(12, 5, '1 sauna', 50, '2021-03-18', '03:12:00'),
(12, 5, '1 sauna', 50, '2021-05-06', '05:56:00'),
(12, 6, '1 conference', 300, '2020-07-09', '01:46:00'),
(12, 6, '1 conference', 300, '2020-07-12', '10:34:00'),
(12, 6, '1 conference', 300, '2020-07-19', '00:22:00'),
(12, 6, '1 conference', 300, '2020-08-23', '06:23:00'),
(12, 6, '1 conference', 300, '2020-09-06', '08:58:00'),
(12, 6, '1 conference', 300, '2020-09-21', '19:48:00'),
(12, 6, '1 conference', 300, '2020-12-04', '00:48:00'),
(12, 6, '1 conference', 300, '2020-12-07', '15:35:00'),
(12, 6, '1 conference', 300, '2021-03-17', '15:43:00'),
(12, 6, '1 conference', 300, '2021-04-11', '03:29:00'),
(13, 1, '2 ice tea + 1 lemonade', 9, '2020-07-11', '23:55:00'),
(13, 1, '3 sprite + 2 ice tea', 15, '2020-08-02', '00:48:00'),
(13, 1, '2 lemonade + 2 ice tea', 12, '2020-11-16', '20:27:00'),
(13, 1, '1 beer + 2 coffee', 13, '2020-11-21', '17:31:00'),
(13, 1, '1 coffee + 2 sprite', 10, '2020-12-10', '22:18:00'),
(13, 1, '2 lemonade + 2 coffee', 14, '2020-12-24', '20:00:00'),
(13, 1, '3 coffee + 3 cocktail', 42, '2021-03-04', '22:19:00'),
(13, 1, '1 sprite + 3 ice tea', 12, '2021-04-08', '04:24:00'),
(13, 1, '3 sprite', 9, '2021-05-16', '16:03:00'),
(13, 2, '2 happy meal + 2 filet mignon', 78, '2020-09-07', '19:02:00'),
(13, 2, '1 steak + 3 happy meal', 42, '2020-10-17', '06:06:00'),
(13, 2, '1 fish fillet + 1 hamburger', 27, '2020-11-11', '13:17:00'),
(13, 2, '3 steak + 2 fish fillet', 73, '2020-12-15', '00:53:00'),
(13, 2, '3 steak + 2 pepsi', 51, '2021-01-25', '18:00:00'),
(13, 2, '3 fish fillet + 1 hamburger', 55, '2021-04-17', '20:44:00'),
(13, 2, '2 pepsi + 3 hamburger', 45, '2021-06-23', '00:18:00'),
(13, 3, '1 haircut', 30, '2020-07-04', '11:14:00'),
(13, 3, '1 hairstyle', 15, '2020-07-09', '10:18:00'),
(13, 3, '1 hairstyle', 15, '2020-09-01', '03:39:00'),
(13, 3, '1 haircut', 30, '2020-09-11', '09:21:00'),
(13, 3, '1 hairstyle', 15, '2020-10-13', '19:40:00'),
(13, 3, '1 balayage', 20, '2020-10-15', '11:04:00'),
(13, 3, '1 haircut', 30, '2020-10-25', '02:45:00'),
(13, 3, '1 haircut', 30, '2020-11-14', '22:30:00'),
(13, 3, '1 balayage', 20, '2020-12-04', '13:53:00'),
(13, 3, '1 balayage', 20, '2021-01-11', '01:32:00'),
(13, 3, '1 haircut', 30, '2021-02-08', '16:41:00'),
(13, 3, '1 hairstyle', 15, '2021-02-15', '19:13:00'),
(13, 3, '1 haircut', 30, '2021-05-20', '01:15:00'),
(13, 4, '1 workout', 10, '2020-07-09', '08:33:00'),
(13, 4, '1 workout', 10, '2020-07-09', '11:50:00'),
(13, 4, '1 workout', 10, '2020-11-11', '04:40:00'),
(13, 4, '1 workout', 10, '2020-12-26', '01:44:00'),
(13, 4, '1 workout', 10, '2021-01-10', '01:33:00'),
(13, 4, '1 workout', 10, '2021-02-07', '19:48:00'),
(13, 4, '1 workout', 10, '2021-04-24', '21:11:00'),
(13, 5, '1 sauna', 50, '2020-09-09', '10:00:00'),
(13, 5, '1 sauna', 50, '2020-12-15', '13:39:00'),
(13, 5, '1 sauna', 50, '2021-02-14', '21:09:00'),
(13, 5, '1 sauna', 50, '2021-02-15', '10:01:00'),
(13, 5, '1 sauna', 50, '2021-04-07', '05:41:00'),
(13, 5, '1 sauna', 50, '2021-05-18', '21:52:00'),
(13, 5, '1 sauna', 50, '2021-06-14', '15:23:00'),
(13, 5, '1 sauna', 50, '2021-06-19', '18:47:00'),
(13, 6, '1 conference', 300, '2020-07-04', '08:42:00'),
(13, 6, '1 conference', 300, '2020-09-27', '02:25:00'),
(13, 6, '1 conference', 300, '2021-02-09', '18:34:00'),
(13, 6, '1 conference', 300, '2021-02-10', '18:41:00'),
(13, 6, '1 conference', 300, '2021-02-12', '09:54:00'),
(13, 6, '1 conference', 300, '2021-03-23', '16:28:00'),
(13, 6, '1 conference', 300, '2021-04-22', '22:03:00'),
(14, 1, '2 ice tea + 3 coca cola', 15, '2020-08-26', '10:47:00'),
(14, 1, '3 sprite + 2 ice tea', 15, '2020-08-27', '18:57:00'),
(14, 1, '2 cocktail', 20, '2020-09-09', '02:50:00'),
(14, 1, '2 lemonade + 3 ice tea', 15, '2020-09-12', '05:13:00'),
(14, 1, '1 beer + 1 sprite', 8, '2020-09-13', '03:20:00'),
(14, 1, '1 beer + 2 cocktail', 25, '2020-10-16', '13:14:00'),
(14, 1, '3 beer + 2 coffee', 23, '2021-01-14', '02:30:00'),
(14, 1, '3 cocktail', 30, '2021-03-14', '14:55:00'),
(14, 1, '1 lemonade + 2 beer', 13, '2021-03-19', '01:39:00'),
(14, 1, '1 ice tea + 1 cocktail', 13, '2021-04-15', '01:05:00'),
(14, 1, '3 beer + 3 ice tea', 24, '2021-04-24', '18:13:00'),
(14, 1, '2 cocktail + 2 coffee', 28, '2021-06-09', '04:04:00'),
(14, 2, '3 pepsi + 3 fish fillet', 51, '2020-08-01', '19:39:00'),
(14, 2, '1 filet mignon + 1 hamburger', 43, '2020-08-24', '22:38:00'),
(14, 2, '2 fish fillet + 1 hamburger', 41, '2021-02-02', '07:38:00'),
(14, 2, '3 pepsi + 1 hamburger', 22, '2021-02-05', '06:13:00'),
(14, 3, '1 haircut', 30, '2020-07-27', '12:39:00'),
(14, 3, '1 hairstyle', 15, '2020-08-09', '05:46:00'),
(14, 3, '1 balayage', 20, '2020-09-03', '18:01:00'),
(14, 3, '1 haircut', 30, '2020-09-16', '07:42:00'),
(14, 3, '1 haircut', 30, '2020-09-18', '22:36:00'),
(14, 3, '1 hairstyle', 15, '2020-10-16', '12:08:00'),
(14, 3, '1 hairstyle', 15, '2021-01-13', '23:25:00'),
(14, 3, '1 hairstyle', 15, '2021-02-02', '03:50:00'),
(14, 3, '1 hairstyle', 15, '2021-03-09', '16:25:00'),
(14, 3, '1 haircut', 30, '2021-04-20', '23:56:00'),
(14, 3, '1 balayage', 20, '2021-06-24', '07:44:00'),
(14, 4, '1 workout', 10, '2020-08-06', '00:28:00'),
(14, 4, '1 workout', 10, '2020-10-23', '15:13:00'),
(14, 4, '1 workout', 10, '2020-10-25', '23:34:00'),
(14, 4, '1 workout', 10, '2020-11-22', '04:07:00'),
(14, 4, '1 workout', 10, '2021-02-26', '21:07:00'),
(14, 4, '1 workout', 10, '2021-03-08', '03:21:00'),
(14, 4, '1 workout', 10, '2021-04-11', '14:25:00'),
(14, 4, '1 workout', 10, '2021-06-05', '01:46:00'),
(14, 4, '1 workout', 10, '2021-06-17', '05:54:00'),
(14, 5, '1 sauna', 50, '2020-08-06', '03:26:00'),
(14, 5, '1 sauna', 50, '2020-08-18', '10:40:00'),
(14, 5, '1 sauna', 50, '2020-09-17', '06:45:00'),
(14, 5, '1 sauna', 50, '2020-10-21', '22:47:00'),
(14, 5, '1 sauna', 50, '2020-11-04', '23:10:00'),
(14, 5, '1 sauna', 50, '2020-11-11', '08:29:00'),
(14, 5, '1 sauna', 50, '2020-11-11', '16:39:00'),
(14, 5, '1 sauna', 50, '2020-11-23', '02:32:00'),
(14, 5, '1 sauna', 50, '2020-12-05', '22:45:00'),
(14, 5, '1 sauna', 50, '2020-12-15', '01:57:00'),
(14, 6, '1 conference', 300, '2020-09-25', '06:11:00'),
(14, 6, '1 conference', 300, '2020-11-17', '15:00:00'),
(14, 6, '1 conference', 300, '2020-12-18', '17:35:00'),
(14, 6, '1 conference', 300, '2021-02-06', '19:17:00'),
(14, 6, '1 conference', 300, '2021-04-13', '00:33:00'),
(15, 1, '2 lemonade + 1 sprite', 9, '2020-07-24', '04:04:00'),
(15, 1, '2 sprite + 3 ice tea', 15, '2021-01-07', '15:54:00'),
(15, 1, '1 coca cola + 2 coffee', 11, '2021-02-02', '08:09:00'),
(15, 1, '2 lemonade + 2 ice tea', 12, '2021-02-20', '08:42:00'),
(15, 1, '1 beer + 2 lemonade', 11, '2021-03-24', '23:22:00'),
(15, 1, '1 sprite + 1 cocktail', 13, '2021-06-03', '11:49:00'),
(15, 2, '1 pepsi + 3 hamburger', 42, '2020-08-18', '20:58:00'),
(15, 2, '2 happy meal + 3 steak', 63, '2020-11-26', '08:47:00'),
(15, 2, '1 filet mignon + 3 happy meal', 57, '2020-12-26', '19:05:00'),
(15, 2, '2 fish fillet + 3 lasagna', 58, '2021-01-08', '19:01:00'),
(15, 2, '3 fish fillet + 2 happy meal', 60, '2021-02-22', '06:03:00'),
(15, 2, '1 pepsi', 3, '2021-04-24', '23:18:00'),
(15, 3, '1 haircut', 30, '2020-07-22', '08:10:00'),
(15, 3, '1 balayage', 20, '2020-09-22', '06:20:00'),
(15, 3, '1 balayage', 20, '2020-10-07', '18:28:00'),
(15, 3, '1 balayage', 20, '2020-10-20', '00:20:00'),
(15, 3, '1 haircut', 30, '2021-01-12', '14:08:00'),
(15, 3, '1 balayage', 20, '2021-05-27', '07:26:00'),
(15, 4, '1 workout', 10, '2020-07-21', '09:13:00'),
(15, 4, '1 workout', 10, '2020-08-05', '11:48:00'),
(15, 4, '1 workout', 10, '2020-08-23', '11:38:00'),
(15, 4, '1 workout', 10, '2020-11-06', '22:49:00'),
(15, 4, '1 workout', 10, '2020-12-23', '15:44:00'),
(15, 4, '1 workout', 10, '2021-01-13', '01:05:00'),
(15, 4, '1 workout', 10, '2021-01-22', '13:14:00'),
(15, 4, '1 workout', 10, '2021-02-01', '02:46:00'),
(15, 4, '1 workout', 10, '2021-05-06', '02:53:00'),
(15, 4, '1 workout', 10, '2021-05-08', '22:06:00'),
(15, 4, '1 workout', 10, '2021-05-10', '19:39:00'),
(15, 4, '1 workout', 10, '2021-05-13', '09:33:00'),
(15, 5, '1 sauna', 50, '2020-07-11', '18:51:00'),
(15, 5, '1 sauna', 50, '2020-07-14', '13:03:00'),
(15, 5, '1 sauna', 50, '2020-08-03', '08:40:00'),
(15, 5, '1 sauna', 50, '2020-10-14', '21:05:00'),
(15, 5, '1 sauna', 50, '2020-10-15', '12:56:00'),
(15, 5, '1 sauna', 50, '2020-12-03', '13:49:00'),
(15, 5, '1 sauna', 50, '2020-12-18', '05:09:00'),
(15, 5, '1 sauna', 50, '2021-01-01', '17:08:00'),
(15, 5, '1 sauna', 50, '2021-01-12', '16:49:00'),
(15, 5, '1 sauna', 50, '2021-01-22', '06:06:00'),
(15, 5, '1 sauna', 50, '2021-02-08', '10:51:00'),
(15, 5, '1 sauna', 50, '2021-02-26', '03:07:00'),
(15, 5, '1 sauna', 50, '2021-05-01', '01:12:00'),
(15, 5, '1 sauna', 50, '2021-05-22', '00:19:00'),
(15, 6, '1 conference', 300, '2020-07-21', '19:57:00'),
(15, 6, '1 conference', 300, '2020-08-21', '05:15:00'),
(15, 6, '1 conference', 300, '2020-09-12', '07:15:00'),
(15, 6, '1 conference', 300, '2020-10-10', '18:04:00'),
(15, 6, '1 conference', 300, '2020-11-11', '14:07:00'),
(15, 6, '1 conference', 300, '2020-11-24', '10:40:00'),
(15, 6, '1 conference', 300, '2021-01-13', '20:57:00'),
(16, 1, '3 cocktail', 30, '2020-07-09', '15:27:00'),
(16, 1, '3 coffee + 2 beer', 22, '2020-07-15', '00:27:00'),
(16, 1, '2 coca cola + 3 coffee', 18, '2020-08-08', '16:36:00'),
(16, 1, '1 coca cola + 1 lemonade', 6, '2020-09-02', '14:26:00'),
(16, 1, '1 lemonade + 1 coffee', 7, '2020-10-08', '03:29:00'),
(16, 1, '1 coca cola + 3 ice tea', 12, '2020-11-25', '08:51:00'),
(16, 1, '3 ice tea + 3 sprite', 18, '2021-01-18', '14:09:00'),
(16, 1, '3 lemonade', 9, '2021-04-17', '16:22:00'),
(16, 1, '3 sprite + 1 coca cola', 12, '2021-06-06', '10:25:00'),
(16, 2, '3 happy meal + 2 lasagna', 47, '2020-08-13', '20:16:00'),
(16, 2, '1 happy meal', 9, '2020-08-17', '08:33:00'),
(16, 2, '1 fish fillet + 3 pepsi', 23, '2020-10-02', '01:52:00'),
(16, 2, '3 hamburger + 2 filet mignon', 99, '2020-10-02', '08:04:00'),
(16, 2, '2 lasagna + 3 hamburger', 59, '2020-10-03', '15:10:00'),
(16, 2, '2 happy meal + 3 pepsi', 27, '2020-10-10', '05:36:00'),
(16, 2, '2 hamburger + 3 fish fillet', 68, '2020-10-27', '09:22:00'),
(16, 2, '2 pepsi + 1 lasagna', 16, '2020-11-06', '11:25:00'),
(16, 2, '2 fish fillet', 28, '2020-11-18', '06:20:00'),
(16, 2, '2 pepsi + 3 happy meal', 33, '2021-01-13', '19:02:00'),
(16, 2, '2 pepsi', 6, '2021-06-17', '08:08:00'),
(16, 2, '2 filet mignon + 1 lasagna', 70, '2021-06-26', '07:26:00'),
(16, 3, '1 haircut', 30, '2020-08-14', '10:34:00'),
(16, 3, '1 balayage', 20, '2020-12-13', '04:21:00'),
(16, 3, '1 haircut', 30, '2020-12-21', '17:10:00'),
(16, 3, '1 haircut', 30, '2021-02-10', '23:16:00'),
(16, 3, '1 balayage', 20, '2021-02-27', '03:44:00'),
(16, 3, '1 haircut', 30, '2021-03-11', '13:56:00'),
(16, 3, '1 balayage', 20, '2021-05-02', '02:45:00'),
(16, 4, '1 workout', 10, '2020-07-26', '09:23:00'),
(16, 4, '1 workout', 10, '2020-10-07', '03:41:00'),
(16, 4, '1 workout', 10, '2020-12-02', '14:27:00'),
(16, 4, '1 workout', 10, '2021-01-09', '15:35:00'),
(16, 4, '1 workout', 10, '2021-02-07', '03:07:00'),
(16, 4, '1 workout', 10, '2021-03-15', '18:40:00'),
(16, 4, '1 workout', 10, '2021-04-12', '20:29:00'),
(16, 4, '1 workout', 10, '2021-04-22', '07:39:00'),
(16, 4, '1 workout', 10, '2021-05-12', '03:52:00'),
(16, 4, '1 workout', 10, '2021-05-15', '07:18:00'),
(16, 5, '1 sauna', 50, '2020-07-16', '01:40:00'),
(16, 5, '1 sauna', 50, '2020-08-05', '07:28:00'),
(16, 5, '1 sauna', 50, '2020-11-13', '17:11:00'),
(16, 5, '1 sauna', 50, '2020-12-15', '20:38:00'),
(16, 5, '1 sauna', 50, '2020-12-17', '21:01:00'),
(16, 5, '1 sauna', 50, '2021-03-20', '15:24:00'),
(16, 5, '1 sauna', 50, '2021-06-13', '15:29:00'),
(16, 6, '1 conference', 300, '2020-10-15', '10:41:00'),
(16, 6, '1 conference', 300, '2021-03-14', '17:49:00'),
(16, 6, '1 conference', 300, '2021-03-18', '03:49:00'),
(16, 6, '1 conference', 300, '2021-04-19', '06:06:00'),
(16, 6, '1 conference', 300, '2021-06-11', '15:42:00'),
(16, 6, '1 conference', 300, '2021-06-15', '00:16:00'),
(17, 1, '2 ice tea + 2 coffee', 14, '2020-07-06', '11:06:00'),
(17, 1, '2 cocktail + 2 sprite', 26, '2020-07-15', '07:24:00'),
(17, 1, '1 cocktail + 3 lemonade', 19, '2021-03-04', '10:04:00'),
(17, 1, '2 lemonade + 2 sprite', 12, '2021-05-09', '07:04:00'),
(17, 1, '3 sprite + 2 lemonade', 15, '2021-05-14', '20:10:00'),
(17, 1, '1 beer', 5, '2021-05-27', '00:02:00'),
(17, 1, '1 lemonade + 2 cocktail', 23, '2021-06-02', '23:15:00'),
(17, 1, '3 cocktail', 30, '2021-06-06', '05:35:00'),
(17, 2, '3 fish fillet + 2 steak', 72, '2020-07-03', '22:42:00'),
(17, 2, '1 filet mignon + 1 lasagna', 40, '2020-10-11', '01:17:00'),
(17, 2, '1 filet mignon + 3 lasagna', 60, '2020-10-24', '13:27:00'),
(17, 2, '1 lasagna + 3 filet mignon', 100, '2020-11-19', '11:56:00'),
(17, 2, '3 hamburger + 2 fish fillet', 67, '2021-03-09', '23:12:00'),
(17, 3, '1 haircut', 30, '2020-07-09', '17:34:00'),
(17, 3, '1 balayage', 20, '2020-07-24', '06:22:00'),
(17, 3, '1 balayage', 20, '2020-11-01', '23:58:00'),
(17, 3, '1 balayage', 20, '2020-11-10', '06:15:00'),
(17, 3, '1 haircut', 30, '2020-11-17', '21:50:00'),
(17, 3, '1 hairstyle', 15, '2020-11-25', '10:02:00'),
(17, 3, '1 haircut', 30, '2021-03-05', '21:40:00'),
(17, 3, '1 hairstyle', 15, '2021-05-17', '16:39:00'),
(17, 3, '1 balayage', 20, '2021-06-05', '06:57:00'),
(17, 4, '1 workout', 10, '2020-07-26', '19:09:00'),
(17, 4, '1 workout', 10, '2020-09-09', '02:26:00'),
(17, 4, '1 workout', 10, '2020-11-27', '03:18:00'),
(17, 4, '1 workout', 10, '2021-01-02', '02:12:00'),
(17, 4, '1 workout', 10, '2021-05-25', '07:18:00'),
(17, 4, '1 workout', 10, '2021-06-08', '03:51:00'),
(17, 4, '1 workout', 10, '2021-06-12', '05:17:00'),
(17, 4, '1 workout', 10, '2021-06-22', '23:26:00'),
(17, 5, '1 sauna', 50, '2020-07-24', '16:50:00'),
(17, 5, '1 sauna', 50, '2020-09-03', '15:30:00'),
(17, 5, '1 sauna', 50, '2020-10-10', '22:57:00'),
(17, 5, '1 sauna', 50, '2020-11-05', '13:08:00'),
(17, 5, '1 sauna', 50, '2020-12-16', '11:41:00'),
(17, 5, '1 sauna', 50, '2020-12-19', '11:47:00'),
(17, 5, '1 sauna', 50, '2020-12-26', '17:22:00'),
(17, 5, '1 sauna', 50, '2021-01-10', '01:13:00'),
(17, 5, '1 sauna', 50, '2021-02-11', '15:57:00'),
(17, 5, '1 sauna', 50, '2021-04-09', '10:55:00'),
(17, 5, '1 sauna', 50, '2021-04-13', '01:44:00'),
(17, 5, '1 sauna', 50, '2021-05-10', '09:53:00'),
(17, 5, '1 sauna', 50, '2021-05-14', '17:28:00'),
(17, 5, '1 sauna', 50, '2021-05-27', '15:26:00'),
(17, 5, '1 sauna', 50, '2021-06-04', '09:03:00'),
(17, 6, '1 conference', 300, '2020-09-03', '14:50:00'),
(17, 6, '1 conference', 300, '2020-09-22', '01:57:00'),
(17, 6, '1 conference', 300, '2021-02-19', '13:27:00'),
(17, 6, '1 conference', 300, '2021-03-12', '00:36:00'),
(17, 6, '1 conference', 300, '2021-05-23', '08:58:00'),
(17, 6, '1 conference', 300, '2021-06-04', '14:21:00'),
(18, 1, '2 beer + 1 coffee', 14, '2020-08-11', '18:45:00'),
(18, 1, '2 coca cola + 2 coffee', 14, '2020-11-27', '20:46:00'),
(18, 1, '3 sprite + 1 lemonade', 12, '2020-12-17', '01:39:00'),
(18, 1, '1 sprite + 2 lemonade', 9, '2021-02-11', '06:01:00'),
(18, 2, '1 lasagna + 1 filet mignon', 40, '2020-07-03', '21:50:00'),
(18, 2, '1 hamburger + 1 lasagna', 23, '2020-07-16', '21:43:00'),
(18, 2, '1 happy meal', 9, '2020-08-02', '00:36:00'),
(18, 2, '2 hamburger + 1 pepsi', 29, '2020-09-14', '06:52:00'),
(18, 2, '2 filet mignon + 3 pepsi', 69, '2021-01-06', '19:13:00'),
(18, 2, '2 hamburger + 2 filet mignon', 86, '2021-01-07', '09:43:00'),
(18, 2, '2 pepsi + 3 filet mignon', 96, '2021-01-19', '09:49:00'),
(18, 2, '3 lasagna + 1 hamburger', 43, '2021-03-23', '11:18:00'),
(18, 2, '1 happy meal + 3 filet mignon', 99, '2021-05-02', '23:14:00'),
(18, 2, '1 fish fillet', 14, '2021-05-15', '08:33:00'),
(18, 3, '1 haircut', 30, '2020-07-03', '16:39:00'),
(18, 3, '1 balayage', 20, '2020-08-24', '12:16:00'),
(18, 3, '1 haircut', 30, '2020-08-27', '23:26:00'),
(18, 3, '1 haircut', 30, '2020-10-12', '02:27:00'),
(18, 3, '1 hairstyle', 15, '2020-11-26', '02:09:00'),
(18, 3, '1 hairstyle', 15, '2020-12-03', '17:50:00'),
(18, 3, '1 hairstyle', 15, '2020-12-27', '19:53:00'),
(18, 3, '1 hairstyle', 15, '2021-01-06', '07:06:00'),
(18, 3, '1 haircut', 30, '2021-01-16', '19:07:00'),
(18, 3, '1 hairstyle', 15, '2021-02-02', '02:05:00'),
(18, 3, '1 hairstyle', 15, '2021-02-03', '00:01:00'),
(18, 3, '1 hairstyle', 15, '2021-02-07', '15:44:00'),
(18, 3, '1 hairstyle', 15, '2021-02-16', '05:51:00'),
(18, 3, '1 hairstyle', 15, '2021-02-17', '01:25:00'),
(18, 3, '1 hairstyle', 15, '2021-02-21', '11:32:00'),
(18, 3, '1 hairstyle', 15, '2021-03-14', '18:07:00'),
(18, 3, '1 balayage', 20, '2021-04-14', '21:15:00'),
(18, 3, '1 hairstyle', 15, '2021-06-02', '19:25:00'),
(18, 4, '1 workout', 10, '2020-09-08', '06:43:00'),
(18, 4, '1 workout', 10, '2020-09-16', '10:55:00'),
(18, 4, '1 workout', 10, '2021-02-04', '14:42:00'),
(18, 4, '1 workout', 10, '2021-02-20', '22:57:00'),
(18, 4, '1 workout', 10, '2021-03-06', '18:24:00'),
(18, 4, '1 workout', 10, '2021-05-12', '04:11:00'),
(18, 4, '1 workout', 10, '2021-06-13', '16:43:00'),
(18, 4, '1 workout', 10, '2021-06-17', '11:02:00'),
(18, 5, '1 sauna', 50, '2020-07-15', '06:21:00'),
(18, 5, '1 sauna', 50, '2020-08-27', '05:25:00'),
(18, 5, '1 sauna', 50, '2020-12-02', '07:39:00'),
(18, 5, '1 sauna', 50, '2021-03-22', '14:36:00'),
(18, 5, '1 sauna', 50, '2021-04-24', '04:00:00'),
(18, 5, '1 sauna', 50, '2021-05-13', '02:45:00'),
(18, 6, '1 conference', 300, '2020-08-17', '12:42:00'),
(18, 6, '1 conference', 300, '2020-09-05', '18:22:00'),
(18, 6, '1 conference', 300, '2020-09-16', '01:16:00'),
(18, 6, '1 conference', 300, '2020-10-24', '19:04:00'),
(18, 6, '1 conference', 300, '2021-04-24', '12:31:00'),
(19, 1, '3 lemonade + 2 coffee', 17, '2020-08-23', '11:52:00'),
(19, 1, '1 coca cola + 3 coffee', 15, '2020-09-12', '12:24:00'),
(19, 1, '2 sprite + 1 beer', 11, '2020-10-06', '12:15:00'),
(19, 1, '2 coca cola + 1 coffee', 10, '2020-11-16', '21:39:00'),
(19, 1, '3 coffee', 12, '2021-03-23', '06:29:00'),
(19, 1, '3 ice tea', 9, '2021-06-10', '11:48:00'),
(19, 2, '3 fish fillet + 2 lasagna', 62, '2020-09-02', '18:19:00'),
(19, 2, '1 steak + 2 pepsi', 21, '2020-09-06', '19:08:00'),
(19, 2, '1 lasagna + 3 pepsi', 19, '2020-11-01', '16:09:00'),
(19, 2, '1 happy meal + 3 hamburger', 48, '2020-11-18', '03:55:00'),
(19, 2, '3 happy meal + 2 filet mignon', 87, '2021-04-18', '05:13:00'),
(19, 2, '1 fish fillet + 3 lasagna', 44, '2021-06-26', '12:18:00'),
(19, 3, '1 haircut', 30, '2020-08-06', '12:15:00'),
(19, 3, '1 haircut', 30, '2020-08-12', '02:34:00'),
(19, 3, '1 balayage', 20, '2020-11-05', '19:38:00'),
(19, 3, '1 haircut', 30, '2020-11-10', '22:31:00');
INSERT INTO `service_charge` (`NFC_ID`, `Service_ID`, `Charge_Desc`, `Charge_Price`, `Charge_Date`, `Charge_Time`) VALUES
(19, 3, '1 balayage', 20, '2020-12-16', '21:46:00'),
(19, 3, '1 hairstyle', 15, '2020-12-25', '09:54:00'),
(19, 3, '1 haircut', 30, '2021-03-05', '22:23:00'),
(19, 3, '1 haircut', 30, '2021-03-06', '14:27:00'),
(19, 3, '1 hairstyle', 15, '2021-05-18', '14:00:00'),
(19, 3, '1 balayage', 20, '2021-05-23', '04:05:00'),
(19, 3, '1 haircut', 30, '2021-06-17', '20:15:00'),
(19, 4, '1 workout', 10, '2020-07-06', '13:46:00'),
(19, 4, '1 workout', 10, '2020-08-06', '21:23:00'),
(19, 4, '1 workout', 10, '2020-08-08', '08:25:00'),
(19, 4, '1 workout', 10, '2020-09-02', '12:39:00'),
(19, 4, '1 workout', 10, '2020-09-07', '03:07:00'),
(19, 4, '1 workout', 10, '2020-10-18', '19:08:00'),
(19, 4, '1 workout', 10, '2020-10-25', '08:55:00'),
(19, 4, '1 workout', 10, '2020-10-27', '14:10:00'),
(19, 4, '1 workout', 10, '2021-03-22', '00:10:00'),
(19, 4, '1 workout', 10, '2021-03-25', '12:58:00'),
(19, 4, '1 workout', 10, '2021-06-20', '13:41:00'),
(19, 5, '1 sauna', 50, '2020-09-09', '21:29:00'),
(19, 5, '1 sauna', 50, '2020-11-17', '12:43:00'),
(19, 5, '1 sauna', 50, '2020-12-19', '19:36:00'),
(19, 5, '1 sauna', 50, '2021-01-11', '21:42:00'),
(19, 5, '1 sauna', 50, '2021-01-14', '09:32:00'),
(19, 5, '1 sauna', 50, '2021-01-16', '09:09:00'),
(19, 5, '1 sauna', 50, '2021-02-10', '09:38:00'),
(19, 5, '1 sauna', 50, '2021-02-16', '21:15:00'),
(19, 5, '1 sauna', 50, '2021-03-20', '08:36:00'),
(19, 5, '1 sauna', 50, '2021-04-08', '19:10:00'),
(19, 5, '1 sauna', 50, '2021-06-02', '09:52:00'),
(19, 6, '1 conference', 300, '2020-07-09', '22:19:00'),
(19, 6, '1 conference', 300, '2020-09-02', '23:11:00'),
(19, 6, '1 conference', 300, '2020-10-09', '22:35:00'),
(19, 6, '1 conference', 300, '2020-11-24', '14:10:00'),
(19, 6, '1 conference', 300, '2021-03-02', '20:32:00'),
(19, 6, '1 conference', 300, '2021-04-22', '10:25:00');

-- --------------------------------------------------------

--
-- Table structure for table `subscribes_to_services`
--

CREATE TABLE `subscribes_to_services` (
  `Service_ID` int(11) UNSIGNED NOT NULL,
  `NFC_ID` int(11) UNSIGNED NOT NULL,
  `Subscription_Date` date NOT NULL,
  `Subscription_Time` time NOT NULL
) ENGINE=InnoDB DEFAULT CHARSET=utf8mb4;

--
-- Dumping data for table `subscribes_to_services`
--

INSERT INTO `subscribes_to_services` (`Service_ID`, `NFC_ID`, `Subscription_Date`, `Subscription_Time`) VALUES
(4, 2, '2021-06-30', '15:30:00'),
(4, 3, '2021-06-09', '15:30:00'),
(4, 6, '2021-06-12', '15:00:00'),
(4, 10, '2021-06-10', '15:00:00'),
(4, 15, '2021-06-15', '15:00:00'),
(4, 17, '2021-06-17', '15:00:00'),
(4, 18, '2021-06-18', '15:00:00'),
(5, 1, '2021-06-12', '13:00:00'),
(5, 2, '2021-06-30', '15:30:00'),
(5, 9, '2021-06-09', '15:00:00'),
(5, 12, '2021-06-12', '15:00:00'),
(5, 14, '2021-06-14', '15:00:00'),
(5, 15, '2021-06-15', '15:00:00'),
(5, 16, '2021-06-16', '15:00:00'),
(6, 2, '2021-06-30', '15:30:00'),
(6, 7, '2021-06-07', '15:00:00'),
(6, 11, '2021-06-11', '15:00:00'),
(6, 14, '2021-06-14', '15:00:00'),
(6, 15, '2021-06-15', '15:00:00'),
(6, 17, '2021-06-17', '15:00:00');

-- --------------------------------------------------------

--
-- Table structure for table `subscription_services`
--

CREATE TABLE `subscription_services` (
  `Service_ID` int(11) UNSIGNED NOT NULL
) ENGINE=InnoDB DEFAULT CHARSET=utf8mb4;

--
-- Dumping data for table `subscription_services`
--

INSERT INTO `subscription_services` (`Service_ID`) VALUES
(4),
(5),
(6);

-- --------------------------------------------------------

--
-- Table structure for table `visits`
--

CREATE TABLE `visits` (
  `NFC_ID` int(11) UNSIGNED NOT NULL,
  `Place_ID` int(11) UNSIGNED NOT NULL,
  `Entrance_Time` time NOT NULL,
  `Exit_Time` time DEFAULT NULL,
  `Entrance_Date` date NOT NULL,
  `Exit_Date` date DEFAULT NULL
) ENGINE=InnoDB DEFAULT CHARSET=utf8mb4;

--
-- Dumping data for table `visits`
--

INSERT INTO `visits` (`NFC_ID`, `Place_ID`, `Entrance_Time`, `Exit_Time`, `Entrance_Date`, `Exit_Date`) VALUES
(1, 4, '23:25:00', '00:56:00', '2019-12-21', '2019-12-22'),
(1, 5, '04:37:00', '04:45:00', '2021-06-22', '2021-06-22'),
(1, 5, '06:18:00', '06:55:00', '2021-04-26', '2021-04-26'),
(1, 6, '11:31:00', '11:43:00', '2020-07-20', '2020-07-20'),
(1, 6, '11:59:00', '11:59:00', '2020-06-10', '2020-06-10'),
(1, 6, '16:29:00', '16:35:00', '2020-11-03', '2020-11-03'),
(1, 7, '08:29:00', '08:36:00', '2021-06-10', '2021-06-10'),
(1, 8, '09:02:00', '09:47:00', '2020-02-19', '2020-02-19'),
(1, 8, '10:25:00', '10:25:00', '2020-12-27', '2020-12-27'),
(1, 9, '03:52:00', '03:52:00', '2021-06-17', '2021-06-17'),
(1, 9, '16:32:00', '16:36:00', '2020-10-12', '2020-10-12'),
(1, 11, '15:00:00', '15:47:00', '2020-07-16', '2020-07-16'),
(1, 11, '19:25:00', '19:54:00', '2021-05-21', '2021-05-21'),
(1, 11, '20:13:00', '20:22:00', '2021-06-10', '2021-06-10'),
(1, 12, '23:26:00', '01:47:00', '2020-06-10', '2020-06-11'),
(1, 14, '16:38:00', '16:46:00', '2021-06-10', '2021-06-10'),
(1, 15, '04:39:00', '04:48:00', '2021-01-08', '2021-01-08'),
(1, 15, '13:06:00', '13:37:00', '2021-01-12', '2021-01-12'),
(1, 16, '14:49:00', '14:50:00', '2021-05-21', '2021-05-21'),
(1, 17, '04:28:00', '04:51:00', '2020-03-11', '2020-03-11'),
(1, 17, '05:41:00', '05:56:00', '2020-09-23', '2020-09-23'),
(1, 18, '16:59:00', '16:59:00', '2020-06-10', '2020-06-10'),
(1, 19, '02:26:00', '02:57:00', '2021-06-10', '2021-06-10'),
(1, 19, '07:35:00', '07:50:00', '2019-08-18', '2019-08-18'),
(1, 20, '14:00:00', '14:34:00', '2020-09-02', '2020-09-02'),
(1, 20, '19:37:00', '19:52:00', '2021-01-14', '2021-01-14'),
(1, 21, '03:29:00', '03:53:00', '2021-05-15', '2021-05-15'),
(1, 21, '07:54:00', '07:57:00', '2020-10-20', '2020-10-20'),
(1, 21, '20:25:00', '20:49:00', '2021-03-20', '2021-03-20'),
(1, 22, '14:41:00', '14:59:00', '2020-07-13', '2020-07-13'),
(1, 22, '23:02:00', '01:10:00', '2021-05-27', '2021-05-28'),
(1, 23, '02:19:00', '02:40:00', '2021-03-07', '2021-03-07'),
(1, 23, '15:19:00', '15:47:00', '2021-05-21', '2021-05-21'),
(1, 23, '19:31:00', '19:55:00', '2019-10-15', '2019-10-15'),
(1, 23, '21:24:00', '00:39:00', '2021-02-24', '2021-02-25'),
(1, 24, '18:02:00', '18:37:00', '2021-04-24', '2021-04-24'),
(1, 25, '12:30:00', '12:46:00', '2021-02-23', '2021-02-23'),
(1, 25, '13:31:00', '13:50:00', '2020-11-10', '2020-11-10'),
(1, 25, '18:00:00', '18:26:00', '2019-09-15', '2019-09-15'),
(1, 26, '17:39:00', '17:49:00', '2019-08-18', '2019-08-18'),
(1, 26, '18:22:00', '18:47:00', '2021-06-10', '2021-06-10'),
(1, 27, '05:03:00', '05:40:00', '2020-12-19', '2020-12-19'),
(1, 27, '12:28:00', '12:51:00', '2021-06-10', '2021-06-10'),
(1, 28, '04:05:00', '04:13:00', '2020-10-19', '2020-10-19'),
(1, 28, '16:29:00', '16:53:00', '2020-08-07', '2020-08-07'),
(1, 29, '17:01:00', '17:13:00', '2021-06-10', '2021-06-10'),
(1, 30, '04:43:00', '04:56:00', '2020-12-24', '2020-12-24'),
(1, 30, '09:11:00', '09:12:00', '2021-03-26', '2021-03-26'),
(1, 32, '08:33:00', '08:41:00', '2021-06-13', '2021-06-13'),
(1, 32, '16:09:00', '16:45:00', '2021-06-10', '2021-06-10'),
(1, 34, '04:49:00', '04:58:00', '2020-02-05', '2020-02-05'),
(1, 34, '19:29:00', '19:53:00', '2021-06-10', '2021-06-10'),
(1, 35, '08:19:00', '08:59:00', '2021-01-25', '2021-01-25'),
(1, 37, '19:49:00', '19:58:00', '2020-11-08', '2020-11-08'),
(1, 38, '01:02:00', '01:56:00', '2020-04-23', '2020-04-23'),
(1, 39, '14:14:00', '14:19:00', '2021-02-19', '2021-02-19'),
(1, 39, '18:46:00', '18:49:00', '2020-04-20', '2020-04-20'),
(1, 41, '05:21:00', '05:36:00', '2021-06-10', '2021-06-10'),
(1, 41, '09:58:00', '09:59:00', '2021-01-24', '2021-01-24'),
(1, 41, '18:19:00', '18:55:00', '2021-02-26', '2021-02-26'),
(1, 41, '20:36:00', '20:37:00', '2020-01-21', '2020-01-21'),
(1, 41, '22:06:00', '01:19:00', '2021-02-11', '2021-02-12'),
(1, 41, '23:19:00', '02:21:00', '2020-06-10', '2020-06-11'),
(2, 1, '16:32:00', '16:44:00', '2019-09-21', '2019-09-21'),
(2, 3, '10:24:00', '10:51:00', '2021-06-27', '2021-06-27'),
(2, 4, '02:01:00', '02:09:00', '2020-06-10', '2020-06-10'),
(2, 5, '13:45:00', '13:49:00', '2019-11-24', '2019-11-24'),
(2, 5, '20:52:00', '20:56:00', '2020-05-14', '2020-05-14'),
(2, 5, '23:28:00', '02:40:00', '2021-03-26', '2021-03-27'),
(2, 7, '02:18:00', '02:19:00', '2021-06-10', '2021-06-10'),
(2, 7, '15:01:00', '15:50:00', '2020-11-04', '2020-11-04'),
(2, 7, '15:46:00', '15:51:00', '2021-01-04', '2021-01-04'),
(2, 8, '00:32:00', '01:41:00', '2021-03-19', '2021-03-19'),
(2, 8, '11:19:00', '11:48:00', '2020-01-10', '2020-01-10'),
(2, 9, '22:14:00', '01:28:00', '2020-01-07', '2020-01-08'),
(2, 10, '15:42:00', '15:43:00', '2020-12-15', '2020-12-15'),
(2, 10, '17:52:00', '17:56:00', '2021-03-20', '2021-03-20'),
(2, 10, '18:37:00', '18:56:00', '2021-06-03', '2021-06-03'),
(2, 10, '21:50:00', '02:53:00', '2021-06-10', '2021-06-11'),
(2, 11, '05:08:00', '05:13:00', '2021-06-10', '2021-06-10'),
(2, 11, '23:35:00', '02:41:00', '2021-03-21', '2021-03-22'),
(2, 12, '07:30:00', '07:33:00', '2020-04-19', '2020-04-19'),
(2, 12, '22:26:00', '01:37:00', '2021-05-22', '2021-05-23'),
(2, 13, '18:47:00', '18:48:00', '2021-02-17', '2021-02-17'),
(2, 14, '05:08:00', '05:59:00', '2020-11-04', '2020-11-04'),
(2, 14, '12:59:00', '12:59:00', '2021-05-06', '2021-05-06'),
(2, 14, '17:22:00', '17:59:00', '2020-12-22', '2020-12-22'),
(2, 17, '11:05:00', '11:18:00', '2020-09-06', '2020-09-06'),
(2, 17, '22:08:00', '00:55:00', '2021-06-06', '2021-06-07'),
(2, 18, '20:05:00', '20:10:00', '2021-06-09', '2021-06-09'),
(2, 19, '15:47:00', '15:56:00', '2021-06-10', '2021-06-10'),
(2, 20, '10:27:00', '10:42:00', '2021-01-06', '2021-01-06'),
(2, 20, '22:48:00', '01:49:00', '2020-10-23', '2020-10-24'),
(2, 22, '01:06:00', '01:44:00', '2021-06-10', '2021-06-10'),
(2, 22, '04:08:00', '04:24:00', '2019-11-05', '2019-11-05'),
(2, 23, '04:47:00', '04:58:00', '2020-07-10', '2020-07-10'),
(2, 23, '12:58:00', '12:58:00', '2021-06-25', '2021-06-25'),
(2, 24, '09:55:00', '09:55:00', '2021-01-11', '2021-01-11'),
(2, 24, '09:58:00', '09:59:00', '2020-07-27', '2020-07-27'),
(2, 24, '21:49:00', '00:49:00', '2019-10-08', '2019-10-09'),
(2, 27, '03:15:00', '03:21:00', '2021-06-10', '2021-06-10'),
(2, 28, '12:15:00', '12:48:00', '2020-11-22', '2020-11-22'),
(2, 29, '11:59:00', '11:59:00', '2020-06-10', '2020-06-10'),
(2, 29, '20:43:00', '20:57:00', '2020-11-04', '2020-11-04'),
(2, 30, '05:26:00', '05:42:00', '2021-06-10', '2021-06-10'),
(2, 31, '15:52:00', '15:53:00', '2020-07-26', '2020-07-26'),
(2, 32, '18:40:00', '18:42:00', '2020-04-21', '2020-04-21'),
(2, 33, '23:18:00', '02:25:00', '2021-06-02', '2021-06-03'),
(2, 34, '02:43:00', '02:44:00', '2021-06-10', '2021-06-10'),
(2, 34, '06:40:00', '06:55:00', '2020-07-07', '2020-07-07'),
(2, 34, '10:43:00', '10:58:00', '2020-07-02', '2020-07-02'),
(2, 35, '00:50:00', '02:51:00', '2020-12-22', '2020-12-22'),
(2, 35, '19:55:00', '19:58:00', '2020-10-15', '2020-10-15'),
(2, 35, '23:33:00', '02:39:00', '2021-04-09', '2021-04-10'),
(2, 36, '13:30:00', '13:56:00', '2021-06-10', '2021-06-10'),
(2, 37, '19:19:00', '19:59:00', '2020-12-17', '2020-12-17'),
(2, 37, '21:00:00', '02:10:00', '2020-09-25', '2020-09-26'),
(2, 38, '01:41:00', '01:51:00', '2020-06-10', '2020-06-10'),
(2, 38, '15:21:00', '15:26:00', '2021-06-15', '2021-06-15'),
(2, 39, '18:36:00', '18:41:00', '2019-08-19', '2019-08-19'),
(2, 42, '00:34:00', '01:42:00', '2020-10-04', '2020-10-04'),
(2, 42, '06:07:00', '06:17:00', '2021-06-10', '2021-06-10'),
(2, 42, '06:54:00', '06:59:00', '2020-04-13', '2020-04-13'),
(2, 42, '12:08:00', '12:25:00', '2020-09-09', '2020-09-09'),
(2, 42, '12:51:00', '12:57:00', '2020-10-20', '2020-10-20'),
(2, 42, '14:43:00', '14:54:00', '2020-06-10', '2020-06-10'),
(3, 1, '10:57:00', '10:59:00', '2020-06-26', '2020-06-26'),
(3, 2, '13:04:00', '13:53:00', '2020-07-07', '2020-07-07'),
(3, 2, '15:48:00', '15:52:00', '2020-07-13', '2020-07-13'),
(3, 2, '17:04:00', '17:52:00', '2020-12-12', '2020-12-12'),
(3, 3, '01:05:00', '01:38:00', '2021-05-04', '2021-05-04'),
(3, 3, '06:03:00', '06:16:00', '2021-06-10', '2021-06-10'),
(3, 3, '07:26:00', '07:27:00', '2020-12-02', '2020-12-02'),
(3, 5, '03:23:00', '03:32:00', '2019-08-04', '2019-08-04'),
(3, 5, '07:24:00', '07:25:00', '2020-08-16', '2020-08-16'),
(3, 7, '02:04:00', '02:27:00', '2021-05-08', '2021-05-08'),
(3, 8, '07:19:00', '07:19:00', '2020-06-10', '2020-06-10'),
(3, 8, '11:44:00', '11:44:00', '2021-06-10', '2021-06-10'),
(3, 8, '13:31:00', '13:43:00', '2019-12-02', '2019-12-02'),
(3, 10, '08:34:00', '08:37:00', '2020-08-24', '2020-08-24'),
(3, 11, '00:36:00', '02:56:00', '2021-01-07', '2021-01-07'),
(3, 12, '17:10:00', '17:34:00', '2019-09-25', '2019-09-25'),
(3, 12, '17:26:00', '17:54:00', '2019-12-22', '2019-12-22'),
(3, 13, '11:23:00', '11:28:00', '2021-05-03', '2021-05-03'),
(3, 15, '15:06:00', '15:43:00', '2021-06-12', '2021-06-12'),
(3, 15, '19:34:00', '19:57:00', '2021-03-02', '2021-03-02'),
(3, 16, '15:15:00', '15:35:00', '2021-04-16', '2021-04-16'),
(3, 17, '15:25:00', '15:29:00', '2021-06-10', '2021-06-10'),
(3, 17, '19:09:00', '19:20:00', '2020-09-18', '2020-09-18'),
(3, 18, '19:00:00', '19:20:00', '2020-09-07', '2020-09-07'),
(3, 19, '08:13:00', '08:59:00', '2020-08-06', '2020-08-06'),
(3, 19, '14:36:00', '14:42:00', '2021-05-01', '2021-05-01'),
(3, 21, '03:21:00', '03:38:00', '2020-10-03', '2020-10-03'),
(3, 21, '05:12:00', '05:47:00', '2019-10-02', '2019-10-02'),
(3, 21, '10:11:00', '10:31:00', '2020-10-23', '2020-10-23'),
(3, 21, '13:36:00', '13:56:00', '2021-06-08', '2021-06-08'),
(3, 21, '18:36:00', '18:51:00', '2019-10-03', '2019-10-03'),
(3, 24, '05:04:00', '05:53:00', '2021-06-10', '2021-06-10'),
(3, 24, '05:07:00', '05:31:00', '2020-12-19', '2020-12-19'),
(3, 24, '10:25:00', '10:30:00', '2021-03-16', '2021-03-16'),
(3, 24, '21:36:00', '00:53:00', '2021-06-01', '2021-06-02'),
(3, 25, '16:51:00', '16:55:00', '2020-09-01', '2020-09-01'),
(3, 25, '19:11:00', '19:53:00', '2021-06-10', '2021-06-10'),
(3, 27, '09:13:00', '09:45:00', '2020-09-24', '2020-09-24'),
(3, 27, '23:54:00', '02:58:00', '2021-02-26', '2021-02-27'),
(3, 28, '20:04:00', '20:10:00', '2020-05-16', '2020-05-16'),
(3, 30, '02:46:00', '02:52:00', '2021-06-10', '2021-06-10'),
(3, 30, '12:57:00', '12:59:00', '2020-01-10', '2020-01-10'),
(3, 31, '01:45:00', '01:46:00', '2021-02-12', '2021-02-12'),
(3, 31, '23:08:00', '01:53:00', '2021-06-10', '2021-06-11'),
(3, 32, '06:12:00', '06:19:00', '2021-06-10', '2021-06-10'),
(3, 33, '13:21:00', '13:22:00', '2021-01-08', '2021-01-08'),
(3, 33, '21:49:00', '02:58:00', '2021-06-10', '2021-06-11'),
(3, 35, '14:02:00', '14:59:00', '2021-02-06', '2021-02-06'),
(3, 35, '21:15:00', '01:36:00', '2020-06-10', '2020-06-11'),
(3, 36, '02:30:00', '02:30:00', '2020-05-06', '2020-05-06'),
(3, 36, '14:22:00', '14:49:00', '2021-01-09', '2021-01-09'),
(3, 37, '15:54:00', '15:55:00', '2021-06-10', '2021-06-10'),
(3, 38, '04:08:00', '04:11:00', '2021-03-06', '2021-03-06'),
(3, 38, '17:40:00', '17:59:00', '2021-06-10', '2021-06-10'),
(3, 38, '19:57:00', '19:58:00', '2020-12-08', '2020-12-08'),
(3, 39, '13:51:00', '13:55:00', '2020-12-06', '2020-12-06'),
(3, 39, '16:17:00', '16:30:00', '2020-09-15', '2020-09-15'),
(3, 43, '00:20:00', '01:40:00', '2020-06-10', '2020-06-10'),
(3, 43, '10:23:00', '10:45:00', '2021-06-19', '2021-06-19'),
(3, 43, '11:17:00', '11:58:00', '2020-09-05', '2020-09-05'),
(3, 43, '12:31:00', '12:38:00', '2019-07-23', '2019-07-23'),
(3, 43, '22:10:00', '00:21:00', '2021-05-16', '2021-05-17'),
(3, 43, '23:37:00', '02:54:00', '2021-06-10', '2021-06-11'),
(4, 1, '12:22:00', '12:45:00', '2020-09-19', '2020-09-19'),
(4, 1, '17:03:00', '17:48:00', '2019-07-15', '2019-07-15'),
(4, 4, '02:07:00', '02:23:00', '2021-06-15', '2021-06-15'),
(4, 5, '07:12:00', '07:41:00', '2021-06-02', '2021-06-02'),
(4, 5, '08:47:00', '08:50:00', '2020-11-24', '2020-11-24'),
(4, 6, '03:44:00', '03:51:00', '2021-03-17', '2021-03-17'),
(4, 6, '21:06:00', '02:24:00', '2020-11-26', '2020-11-27'),
(4, 8, '05:38:00', '05:47:00', '2021-06-10', '2021-06-10'),
(4, 8, '10:36:00', '10:54:00', '2019-11-03', '2019-11-03'),
(4, 9, '05:41:00', '05:57:00', '2020-07-22', '2020-07-22'),
(4, 9, '07:20:00', '07:59:00', '2021-06-10', '2021-06-10'),
(4, 10, '06:32:00', '06:59:00', '2020-06-19', '2020-06-19'),
(4, 10, '09:13:00', '09:42:00', '2020-04-03', '2020-04-03'),
(4, 12, '09:51:00', '09:59:00', '2020-09-17', '2020-09-17'),
(4, 13, '15:12:00', '15:23:00', '2021-06-10', '2021-06-10'),
(4, 15, '02:48:00', '02:54:00', '2021-04-14', '2021-04-14'),
(4, 15, '04:03:00', '04:54:00', '2020-10-08', '2020-10-08'),
(4, 15, '11:55:00', '11:57:00', '2020-04-23', '2020-04-23'),
(4, 15, '18:07:00', '18:27:00', '2020-09-07', '2020-09-07'),
(4, 15, '21:51:00', '01:58:00', '2020-07-21', '2020-07-22'),
(4, 16, '16:15:00', '16:41:00', '2021-06-10', '2021-06-10'),
(4, 17, '08:32:00', '08:43:00', '2020-12-25', '2020-12-25'),
(4, 17, '19:26:00', '19:56:00', '2020-10-10', '2020-10-10'),
(4, 17, '22:17:00', '01:42:00', '2021-05-27', '2021-05-28'),
(4, 17, '23:55:00', '02:56:00', '2019-11-24', '2019-11-25'),
(4, 18, '09:32:00', '09:52:00', '2021-06-10', '2021-06-10'),
(4, 18, '10:36:00', '10:45:00', '2020-12-06', '2020-12-06'),
(4, 19, '02:50:00', '02:52:00', '2020-10-27', '2020-10-27'),
(4, 19, '07:24:00', '07:50:00', '2021-05-18', '2021-05-18'),
(4, 19, '19:16:00', '19:56:00', '2020-09-12', '2020-09-12'),
(4, 21, '07:55:00', '07:57:00', '2020-07-18', '2020-07-18'),
(4, 21, '11:29:00', '11:57:00', '2021-06-02', '2021-06-02'),
(4, 21, '15:42:00', '15:59:00', '2020-08-09', '2020-08-09'),
(4, 22, '13:48:00', '13:52:00', '2021-03-17', '2021-03-17'),
(4, 22, '18:25:00', '18:52:00', '2020-12-15', '2020-12-15'),
(4, 22, '21:58:00', '02:58:00', '2019-12-04', '2019-12-05'),
(4, 23, '22:04:00', '01:33:00', '2021-05-05', '2021-05-06'),
(4, 24, '05:45:00', '05:57:00', '2020-10-27', '2020-10-27'),
(4, 25, '05:51:00', '05:58:00', '2020-11-25', '2020-11-25'),
(4, 26, '00:34:00', '01:47:00', '2021-06-10', '2021-06-10'),
(4, 26, '10:40:00', '10:52:00', '2021-01-08', '2021-01-08'),
(4, 27, '18:07:00', '18:53:00', '2019-10-19', '2019-10-19'),
(4, 28, '16:32:00', '16:39:00', '2020-04-06', '2020-04-06'),
(4, 29, '20:19:00', '20:23:00', '2021-06-10', '2021-06-10'),
(4, 30, '23:51:00', '01:57:00', '2020-11-02', '2020-11-03'),
(4, 33, '00:12:00', '01:20:00', '2021-03-26', '2021-03-26'),
(4, 33, '22:18:00', '02:23:00', '2020-06-10', '2020-06-11'),
(4, 34, '08:58:00', '08:58:00', '2020-12-25', '2020-12-25'),
(4, 36, '13:22:00', '13:33:00', '2021-02-27', '2021-02-27'),
(4, 37, '01:10:00', '01:40:00', '2020-07-01', '2020-07-01'),
(4, 37, '07:22:00', '07:52:00', '2021-03-10', '2021-03-10'),
(4, 37, '07:22:00', '07:46:00', '2021-04-23', '2021-04-23'),
(4, 37, '13:57:00', '13:59:00', '2021-06-10', '2021-06-10'),
(4, 38, '11:37:00', '11:41:00', '2021-06-10', '2021-06-10'),
(4, 38, '12:06:00', '12:52:00', '2019-12-01', '2019-12-01'),
(4, 39, '10:20:00', '10:46:00', '2020-06-10', '2020-06-10'),
(4, 44, '03:25:00', '03:47:00', '2021-03-10', '2021-03-10'),
(4, 44, '11:35:00', '11:50:00', '2020-10-22', '2020-10-22'),
(4, 44, '12:04:00', '12:52:00', '2020-12-24', '2020-12-24'),
(4, 44, '13:25:00', '13:32:00', '2020-06-27', '2020-06-27'),
(4, 44, '14:06:00', '14:36:00', '2020-06-10', '2020-06-10'),
(4, 44, '15:36:00', '15:50:00', '2021-06-10', '2021-06-10'),
(5, 1, '14:42:00', '14:59:00', '2021-06-10', '2021-06-10'),
(5, 1, '18:04:00', '18:46:00', '2019-07-23', '2019-07-23'),
(5, 1, '21:02:00', '00:53:00', '2020-10-16', '2020-10-17'),
(5, 2, '04:29:00', '04:59:00', '2021-06-10', '2021-06-10'),
(5, 2, '16:25:00', '16:27:00', '2020-11-02', '2020-11-02'),
(5, 3, '04:24:00', '04:48:00', '2019-07-02', '2019-07-02'),
(5, 3, '04:32:00', '04:58:00', '2021-06-10', '2021-06-10'),
(5, 4, '04:22:00', '04:58:00', '2021-05-01', '2021-05-01'),
(5, 4, '19:10:00', '19:57:00', '2020-08-18', '2020-08-18'),
(5, 5, '01:42:00', '01:59:00', '2021-02-19', '2021-02-19'),
(5, 5, '05:02:00', '05:26:00', '2020-12-09', '2020-12-09'),
(5, 6, '14:04:00', '14:34:00', '2020-04-05', '2020-04-05'),
(5, 6, '18:05:00', '18:14:00', '2020-06-10', '2020-06-10'),
(5, 7, '21:03:00', '02:41:00', '2020-07-11', '2020-07-12'),
(5, 8, '15:17:00', '15:20:00', '2021-06-10', '2021-06-10'),
(5, 9, '02:55:00', '02:57:00', '2020-08-02', '2020-08-02'),
(5, 10, '07:17:00', '07:19:00', '2020-09-02', '2020-09-02'),
(5, 11, '05:09:00', '05:57:00', '2021-06-10', '2021-06-10'),
(5, 12, '03:43:00', '03:50:00', '2020-08-19', '2020-08-19'),
(5, 13, '04:38:00', '04:46:00', '2021-06-13', '2021-06-13'),
(5, 13, '09:41:00', '09:53:00', '2021-01-03', '2021-01-03'),
(5, 13, '12:35:00', '12:43:00', '2021-06-22', '2021-06-22'),
(5, 13, '20:06:00', '20:55:00', '2021-05-02', '2021-05-02'),
(5, 15, '12:44:00', '12:46:00', '2021-05-12', '2021-05-12'),
(5, 16, '18:12:00', '18:28:00', '2021-02-18', '2021-02-18'),
(5, 16, '21:08:00', '02:39:00', '2021-05-21', '2021-05-22'),
(5, 17, '17:08:00', '17:53:00', '2021-05-07', '2021-05-07'),
(5, 19, '01:12:00', '01:58:00', '2020-07-07', '2020-07-07'),
(5, 20, '01:01:00', '01:10:00', '2020-06-10', '2020-06-10'),
(5, 22, '20:23:00', '20:42:00', '2021-03-16', '2021-03-16'),
(5, 23, '12:51:00', '12:56:00', '2021-05-17', '2021-05-17'),
(5, 24, '12:39:00', '12:52:00', '2021-06-10', '2021-06-10'),
(5, 26, '13:34:00', '13:46:00', '2021-02-23', '2021-02-23'),
(5, 27, '05:01:00', '05:49:00', '2019-11-20', '2019-11-20'),
(5, 28, '04:07:00', '04:19:00', '2019-09-09', '2019-09-09'),
(5, 29, '03:35:00', '03:53:00', '2021-06-21', '2021-06-21'),
(5, 29, '13:09:00', '13:40:00', '2021-02-04', '2021-02-04'),
(5, 29, '15:15:00', '15:49:00', '2020-12-03', '2020-12-03'),
(5, 30, '00:39:00', '02:51:00', '2021-06-10', '2021-06-10'),
(5, 30, '10:39:00', '10:56:00', '2020-07-04', '2020-07-04'),
(5, 31, '19:11:00', '19:53:00', '2021-04-27', '2021-04-27'),
(5, 33, '07:16:00', '07:38:00', '2020-04-05', '2020-04-05'),
(5, 33, '09:02:00', '09:23:00', '2021-04-11', '2021-04-11'),
(5, 33, '10:00:00', '10:04:00', '2020-06-10', '2020-06-10'),
(5, 34, '02:25:00', '02:43:00', '2021-02-11', '2021-02-11'),
(5, 34, '07:30:00', '07:44:00', '2021-06-22', '2021-06-22'),
(5, 35, '11:11:00', '11:58:00', '2021-06-10', '2021-06-10'),
(5, 35, '17:31:00', '17:33:00', '2021-04-14', '2021-04-14'),
(5, 36, '00:14:00', '00:56:00', '2021-02-06', '2021-02-06'),
(5, 36, '02:33:00', '02:43:00', '2020-10-07', '2020-10-07'),
(5, 36, '03:52:00', '03:54:00', '2019-12-08', '2019-12-08'),
(5, 36, '18:28:00', '18:38:00', '2019-07-20', '2019-07-20'),
(5, 36, '22:40:00', '01:54:00', '2020-08-02', '2020-08-03'),
(5, 37, '08:51:00', '08:52:00', '2021-06-25', '2021-06-25'),
(5, 38, '06:09:00', '06:34:00', '2019-10-19', '2019-10-19'),
(5, 38, '18:45:00', '18:56:00', '2020-03-17', '2020-03-17'),
(5, 45, '00:03:00', '00:45:00', '2020-11-11', '2020-11-11'),
(5, 45, '07:56:00', '07:57:00', '2020-11-24', '2020-11-24'),
(5, 45, '10:18:00', '10:38:00', '2020-09-05', '2020-09-05'),
(5, 45, '11:22:00', '11:57:00', '2020-06-10', '2020-06-10'),
(5, 45, '18:25:00', '18:50:00', '2021-06-10', '2021-06-10'),
(5, 45, '20:20:00', '20:46:00', '2019-12-13', '2019-12-13'),
(6, 2, '07:58:00', '07:59:00', '2020-08-17', '2020-08-17'),
(6, 3, '11:21:00', '11:44:00', '2021-02-20', '2021-02-20'),
(6, 4, '00:04:00', '00:28:00', '2020-11-09', '2020-11-09'),
(6, 5, '04:06:00', '04:22:00', '2020-01-27', '2020-01-27'),
(6, 6, '11:25:00', '11:29:00', '2019-07-14', '2019-07-14'),
(6, 7, '04:55:00', '04:59:00', '2020-10-10', '2020-10-10'),
(6, 7, '15:42:00', '15:57:00', '2020-06-06', '2020-06-06'),
(6, 7, '15:49:00', '15:49:00', '2020-06-10', '2020-06-10'),
(6, 9, '05:55:00', '05:55:00', '2020-06-10', '2020-06-10'),
(6, 10, '10:11:00', '10:43:00', '2019-09-20', '2019-09-20'),
(6, 11, '21:13:00', '02:59:00', '2021-06-21', '2021-06-22'),
(6, 11, '22:27:00', '02:55:00', '2021-02-08', '2021-02-09'),
(6, 12, '07:43:00', '07:53:00', '2020-04-08', '2020-04-08'),
(6, 12, '10:09:00', '10:22:00', '2020-12-08', '2020-12-08'),
(6, 13, '01:31:00', '01:59:00', '2021-06-10', '2021-06-10'),
(6, 13, '21:39:00', '01:42:00', '2019-09-19', '2019-09-20'),
(6, 15, '06:15:00', '06:33:00', '2020-07-14', '2020-07-14'),
(6, 16, '03:24:00', '03:47:00', '2021-02-22', '2021-02-22'),
(6, 16, '11:24:00', '11:30:00', '2021-06-10', '2021-06-10'),
(6, 17, '23:05:00', '02:05:00', '2020-11-10', '2020-11-11'),
(6, 17, '23:14:00', '02:34:00', '2020-11-09', '2020-11-10'),
(6, 19, '09:35:00', '09:42:00', '2021-06-10', '2021-06-10'),
(6, 19, '12:08:00', '12:33:00', '2020-12-07', '2020-12-07'),
(6, 20, '14:11:00', '14:15:00', '2020-10-01', '2020-10-01'),
(6, 21, '05:57:00', '05:57:00', '2020-11-24', '2020-11-24'),
(6, 21, '17:09:00', '17:39:00', '2020-08-13', '2020-08-13'),
(6, 22, '01:29:00', '01:55:00', '2020-09-08', '2020-09-08'),
(6, 23, '00:43:00', '02:45:00', '2021-05-23', '2021-05-23'),
(6, 23, '13:42:00', '13:57:00', '2019-12-24', '2019-12-24'),
(6, 24, '00:05:00', '02:08:00', '2019-07-25', '2019-07-25'),
(6, 24, '05:53:00', '05:55:00', '2021-06-10', '2021-06-10'),
(6, 25, '05:03:00', '05:47:00', '2021-06-10', '2021-06-10'),
(6, 25, '05:05:00', '05:57:00', '2021-02-13', '2021-02-13'),
(6, 25, '18:17:00', '18:43:00', '2020-10-12', '2020-10-12'),
(6, 26, '00:31:00', '00:39:00', '2020-09-16', '2020-09-16'),
(6, 26, '12:44:00', '12:50:00', '2021-06-10', '2021-06-10'),
(6, 26, '21:20:00', '02:43:00', '2020-07-06', '2020-07-07'),
(6, 26, '23:13:00', '02:57:00', '2020-08-20', '2020-08-21'),
(6, 27, '07:23:00', '07:36:00', '2020-07-04', '2020-07-04'),
(6, 27, '11:07:00', '11:21:00', '2020-08-25', '2020-08-25'),
(6, 27, '13:38:00', '13:41:00', '2021-06-10', '2021-06-10'),
(6, 28, '16:17:00', '16:32:00', '2020-07-07', '2020-07-07'),
(6, 29, '14:20:00', '14:28:00', '2021-01-14', '2021-01-14'),
(6, 30, '10:40:00', '10:52:00', '2020-06-18', '2020-06-18'),
(6, 30, '11:56:00', '11:57:00', '2021-03-15', '2021-03-15'),
(6, 31, '06:34:00', '06:56:00', '2020-06-27', '2020-06-27'),
(6, 35, '03:08:00', '03:32:00', '2020-12-17', '2020-12-17'),
(6, 35, '19:46:00', '19:58:00', '2020-12-15', '2020-12-15'),
(6, 36, '00:54:00', '01:55:00', '2021-01-07', '2021-01-07'),
(6, 36, '03:28:00', '03:55:00', '2021-06-10', '2021-06-10'),
(6, 36, '07:51:00', '07:54:00', '2021-01-08', '2021-01-08'),
(6, 37, '04:51:00', '04:51:00', '2020-09-17', '2020-09-17'),
(6, 37, '15:20:00', '15:56:00', '2021-01-02', '2021-01-02'),
(6, 39, '11:39:00', '11:41:00', '2021-06-10', '2021-06-10'),
(6, 39, '14:50:00', '14:52:00', '2021-01-06', '2021-01-06'),
(6, 39, '19:53:00', '19:59:00', '2021-01-19', '2021-01-19'),
(6, 39, '22:30:00', '02:34:00', '2020-06-10', '2020-06-11'),
(6, 46, '07:41:00', '07:52:00', '2021-06-10', '2021-06-10'),
(6, 46, '08:14:00', '08:30:00', '2020-07-27', '2020-07-27'),
(6, 46, '08:40:00', '08:46:00', '2020-06-10', '2020-06-10'),
(6, 46, '13:43:00', '13:50:00', '2021-04-17', '2021-04-17'),
(6, 46, '15:06:00', '15:30:00', '2021-06-03', '2021-06-03'),
(6, 46, '17:20:00', '17:37:00', '2020-05-13', '2020-05-13'),
(7, 1, '01:26:00', '01:51:00', '2021-01-08', '2021-01-08'),
(7, 1, '12:52:00', '12:54:00', '2021-06-10', '2021-06-10'),
(7, 2, '08:08:00', '08:45:00', '2020-07-07', '2020-07-07'),
(7, 2, '18:59:00', '18:59:00', '2020-11-27', '2020-11-27'),
(7, 3, '13:18:00', '13:41:00', '2020-12-16', '2020-12-16'),
(7, 6, '09:01:00', '09:51:00', '2021-06-10', '2021-06-10'),
(7, 6, '13:45:00', '13:52:00', '2020-08-05', '2020-08-05'),
(7, 6, '22:48:00', '00:53:00', '2020-11-25', '2020-11-26'),
(7, 7, '08:37:00', '08:47:00', '2020-09-20', '2020-09-20'),
(7, 7, '22:29:00', '01:30:00', '2020-07-01', '2020-07-02'),
(7, 8, '12:42:00', '12:50:00', '2020-09-08', '2020-09-08'),
(7, 8, '21:37:00', '01:44:00', '2020-07-23', '2020-07-24'),
(7, 9, '11:47:00', '11:54:00', '2020-10-22', '2020-10-22'),
(7, 9, '20:14:00', '20:42:00', '2020-11-25', '2020-11-25'),
(7, 10, '00:32:00', '00:44:00', '2021-06-10', '2021-06-10'),
(7, 10, '04:11:00', '04:35:00', '2021-06-12', '2021-06-12'),
(7, 11, '18:29:00', '18:50:00', '2020-12-17', '2020-12-17'),
(7, 11, '22:49:00', '00:51:00', '2021-06-10', '2021-06-11'),
(7, 12, '07:38:00', '07:42:00', '2021-06-10', '2021-06-10'),
(7, 12, '09:20:00', '09:46:00', '2021-04-18', '2021-04-18'),
(7, 13, '04:54:00', '04:58:00', '2021-01-27', '2021-01-27'),
(7, 13, '05:20:00', '05:41:00', '2021-02-20', '2021-02-20'),
(7, 13, '14:28:00', '14:41:00', '2021-04-27', '2021-04-27'),
(7, 14, '00:29:00', '00:49:00', '2020-05-14', '2020-05-14'),
(7, 14, '19:54:00', '19:57:00', '2020-12-26', '2020-12-26'),
(7, 16, '11:58:00', '11:59:00', '2020-03-01', '2020-03-01'),
(7, 17, '03:47:00', '03:56:00', '2021-04-03', '2021-04-03'),
(7, 18, '06:28:00', '06:57:00', '2020-04-11', '2020-04-11'),
(7, 19, '06:38:00', '06:48:00', '2021-05-22', '2021-05-22'),
(7, 19, '16:35:00', '16:55:00', '2021-05-04', '2021-05-04'),
(7, 19, '19:59:00', '19:59:00', '2021-06-10', '2021-06-10'),
(7, 19, '23:48:00', '01:58:00', '2020-07-18', '2020-07-19'),
(7, 20, '06:28:00', '06:49:00', '2019-10-02', '2019-10-02'),
(7, 20, '18:41:00', '18:56:00', '2020-12-26', '2020-12-26'),
(7, 20, '21:17:00', '02:21:00', '2021-06-10', '2021-06-11'),
(7, 21, '01:15:00', '01:33:00', '2019-08-22', '2019-08-22'),
(7, 21, '02:38:00', '02:38:00', '2021-01-26', '2021-01-26'),
(7, 23, '00:45:00', '02:50:00', '2020-12-15', '2020-12-15'),
(7, 23, '23:16:00', '00:52:00', '2020-11-04', '2020-11-05'),
(7, 24, '19:30:00', '19:41:00', '2021-01-21', '2021-01-21'),
(7, 26, '20:08:00', '20:20:00', '2020-06-10', '2020-06-10'),
(7, 27, '10:40:00', '10:45:00', '2020-06-10', '2020-06-10'),
(7, 27, '23:39:00', '01:51:00', '2019-09-25', '2019-09-26'),
(7, 28, '10:26:00', '10:56:00', '2019-12-21', '2019-12-21'),
(7, 29, '07:27:00', '07:28:00', '2021-06-10', '2021-06-10'),
(7, 30, '09:43:00', '09:59:00', '2020-10-06', '2020-10-06'),
(7, 30, '19:31:00', '19:38:00', '2020-12-11', '2020-12-11'),
(7, 31, '20:01:00', '20:50:00', '2021-06-10', '2021-06-10'),
(7, 31, '20:37:00', '20:49:00', '2021-02-07', '2021-02-07'),
(7, 32, '01:51:00', '01:52:00', '2020-04-17', '2020-04-17'),
(7, 34, '01:11:00', '01:40:00', '2021-01-19', '2021-01-19'),
(7, 35, '23:10:00', '00:24:00', '2020-05-25', '2020-05-26'),
(7, 37, '06:41:00', '06:44:00', '2020-01-15', '2020-01-15'),
(7, 37, '14:25:00', '14:34:00', '2021-02-04', '2021-02-04'),
(7, 38, '02:48:00', '02:53:00', '2021-06-10', '2021-06-10'),
(7, 39, '03:41:00', '03:45:00', '2021-01-13', '2021-01-13'),
(7, 47, '10:34:00', '10:49:00', '2019-10-04', '2019-10-04'),
(7, 47, '12:17:00', '12:37:00', '2020-06-10', '2020-06-10'),
(7, 47, '13:54:00', '13:58:00', '2021-05-10', '2021-05-10'),
(7, 47, '15:20:00', '15:50:00', '2021-06-12', '2021-06-12'),
(7, 47, '21:15:00', '01:38:00', '2021-03-20', '2021-03-21'),
(7, 47, '23:35:00', '01:40:00', '2021-06-10', '2021-06-11'),
(8, 1, '05:07:00', '05:17:00', '2021-04-07', '2021-04-07'),
(8, 1, '10:15:00', '10:57:00', '2020-03-03', '2020-03-03'),
(8, 1, '17:02:00', '17:07:00', '2019-10-01', '2019-10-01'),
(8, 2, '02:06:00', '02:54:00', '2020-06-02', '2020-06-02'),
(8, 2, '07:44:00', '07:44:00', '2021-06-10', '2021-06-10'),
(8, 3, '02:59:00', '02:59:00', '2020-08-25', '2020-08-25'),
(8, 4, '20:30:00', '20:31:00', '2021-04-05', '2021-04-05'),
(8, 6, '00:51:00', '00:59:00', '2020-08-15', '2020-08-15'),
(8, 6, '03:17:00', '03:23:00', '2021-02-05', '2021-02-05'),
(8, 6, '09:17:00', '09:37:00', '2021-03-03', '2021-03-03'),
(8, 7, '17:45:00', '17:50:00', '2021-02-15', '2021-02-15'),
(8, 7, '17:58:00', '17:59:00', '2021-06-10', '2021-06-10'),
(8, 8, '03:59:00', '03:59:00', '2020-06-10', '2020-06-10'),
(8, 10, '00:14:00', '01:41:00', '2021-06-10', '2021-06-10'),
(8, 12, '15:14:00', '15:56:00', '2020-07-09', '2020-07-09'),
(8, 12, '19:44:00', '19:51:00', '2020-02-11', '2020-02-11'),
(8, 12, '21:17:00', '00:56:00', '2020-11-27', '2020-11-28'),
(8, 13, '06:56:00', '06:57:00', '2020-07-25', '2020-07-25'),
(8, 14, '11:37:00', '11:38:00', '2020-12-12', '2020-12-12'),
(8, 14, '16:41:00', '16:59:00', '2020-08-12', '2020-08-12'),
(8, 15, '18:57:00', '18:58:00', '2021-05-25', '2021-05-25'),
(8, 15, '23:04:00', '02:16:00', '2021-04-26', '2021-04-27'),
(8, 16, '16:42:00', '16:50:00', '2021-06-10', '2021-06-10'),
(8, 17, '07:26:00', '07:47:00', '2021-06-02', '2021-06-02'),
(8, 19, '14:16:00', '14:48:00', '2020-04-07', '2020-04-07'),
(8, 20, '00:05:00', '02:33:00', '2020-12-24', '2020-12-24'),
(8, 20, '20:29:00', '20:53:00', '2021-06-10', '2021-06-10'),
(8, 22, '15:20:00', '15:32:00', '2021-06-10', '2021-06-10'),
(8, 23, '00:58:00', '01:58:00', '2021-06-10', '2021-06-10'),
(8, 23, '15:45:00', '15:56:00', '2019-11-09', '2019-11-09'),
(8, 24, '01:28:00', '01:35:00', '2020-07-15', '2020-07-15'),
(8, 24, '16:32:00', '16:40:00', '2021-04-12', '2021-04-12'),
(8, 25, '13:31:00', '13:55:00', '2020-01-25', '2020-01-25'),
(8, 25, '16:11:00', '16:25:00', '2020-10-27', '2020-10-27'),
(8, 26, '07:23:00', '07:53:00', '2020-11-20', '2020-11-20'),
(8, 26, '19:48:00', '19:51:00', '2021-02-23', '2021-02-23'),
(8, 27, '01:20:00', '01:51:00', '2021-04-19', '2021-04-19'),
(8, 27, '13:52:00', '13:53:00', '2021-06-10', '2021-06-10'),
(8, 28, '06:59:00', '06:59:00', '2021-06-11', '2021-06-11'),
(8, 28, '16:17:00', '16:17:00', '2019-12-14', '2019-12-14'),
(8, 28, '22:10:00', '00:59:00', '2020-06-10', '2020-06-11'),
(8, 30, '01:06:00', '01:12:00', '2020-03-05', '2020-03-05'),
(8, 30, '01:12:00', '01:51:00', '2021-01-08', '2021-01-08'),
(8, 31, '03:45:00', '03:52:00', '2020-09-21', '2020-09-21'),
(8, 32, '03:07:00', '03:08:00', '2020-09-03', '2020-09-03'),
(8, 32, '16:17:00', '16:45:00', '2021-06-10', '2021-06-10'),
(8, 33, '04:30:00', '04:37:00', '2021-01-11', '2021-01-11'),
(8, 33, '10:19:00', '10:46:00', '2020-06-10', '2020-06-10'),
(8, 33, '15:32:00', '15:56:00', '2021-05-07', '2021-05-07'),
(8, 35, '06:23:00', '06:55:00', '2021-03-18', '2021-03-18'),
(8, 36, '05:05:00', '05:16:00', '2020-08-19', '2020-08-19'),
(8, 36, '11:33:00', '11:50:00', '2019-07-05', '2019-07-05'),
(8, 36, '11:59:00', '11:59:00', '2020-11-11', '2020-11-11'),
(8, 36, '17:12:00', '17:43:00', '2020-11-07', '2020-11-07'),
(8, 37, '13:45:00', '13:50:00', '2021-06-03', '2021-06-03'),
(8, 39, '08:57:00', '08:59:00', '2021-03-05', '2021-03-05'),
(8, 48, '05:32:00', '05:50:00', '2019-10-10', '2019-10-10'),
(8, 48, '09:56:00', '09:59:00', '2020-09-07', '2020-09-07'),
(8, 48, '10:00:00', '10:43:00', '2021-03-17', '2021-03-17'),
(8, 48, '11:23:00', '11:52:00', '2021-02-19', '2021-02-19'),
(8, 48, '17:20:00', '17:50:00', '2021-06-10', '2021-06-10'),
(8, 48, '22:57:00', '02:57:00', '2020-06-10', '2020-06-11'),
(9, 1, '02:03:00', '02:26:00', '2020-09-25', '2020-09-25'),
(9, 1, '14:20:00', '14:40:00', '2020-03-07', '2020-03-07'),
(9, 2, '20:07:00', '20:24:00', '2021-06-10', '2021-06-10'),
(9, 3, '07:13:00', '07:51:00', '2021-06-10', '2021-06-10'),
(9, 4, '11:16:00', '11:34:00', '2021-02-07', '2021-02-07'),
(9, 4, '23:13:00', '02:53:00', '2021-05-06', '2021-05-07'),
(9, 5, '01:38:00', '01:47:00', '2021-05-24', '2021-05-24'),
(9, 6, '03:25:00', '03:50:00', '2021-03-27', '2021-03-27'),
(9, 6, '04:00:00', '04:19:00', '2020-09-18', '2020-09-18'),
(9, 7, '00:36:00', '00:59:00', '2020-10-20', '2020-10-20'),
(9, 7, '08:28:00', '08:42:00', '2021-01-07', '2021-01-07'),
(9, 7, '18:54:00', '18:58:00', '2020-10-07', '2020-10-07'),
(9, 8, '03:55:00', '03:55:00', '2019-09-16', '2019-09-16'),
(9, 9, '10:39:00', '10:40:00', '2020-11-17', '2020-11-17'),
(9, 9, '18:26:00', '18:49:00', '2020-08-10', '2020-08-10'),
(9, 9, '22:55:00', '01:57:00', '2021-01-19', '2021-01-20'),
(9, 10, '04:17:00', '04:29:00', '2020-08-15', '2020-08-15'),
(9, 10, '10:28:00', '10:53:00', '2020-06-10', '2020-06-10'),
(9, 11, '02:47:00', '02:57:00', '2020-11-09', '2020-11-09'),
(9, 11, '13:00:00', '13:05:00', '2020-01-11', '2020-01-11'),
(9, 13, '22:52:00', '02:55:00', '2021-06-10', '2021-06-11'),
(9, 15, '10:40:00', '10:45:00', '2020-03-20', '2020-03-20'),
(9, 15, '11:17:00', '11:18:00', '2020-08-01', '2020-08-01'),
(9, 15, '14:49:00', '14:50:00', '2019-10-23', '2019-10-23'),
(9, 16, '04:49:00', '04:57:00', '2019-09-09', '2019-09-09'),
(9, 16, '11:52:00', '11:57:00', '2021-04-27', '2021-04-27'),
(9, 16, '15:33:00', '15:37:00', '2020-12-23', '2020-12-23'),
(9, 18, '03:46:00', '03:50:00', '2020-09-14', '2020-09-14'),
(9, 18, '10:33:00', '10:35:00', '2021-03-18', '2021-03-18'),
(9, 19, '17:31:00', '17:47:00', '2020-08-13', '2020-08-13'),
(9, 20, '16:30:00', '16:46:00', '2020-02-05', '2020-02-05'),
(9, 20, '17:51:00', '17:53:00', '2020-08-25', '2020-08-25'),
(9, 21, '01:53:00', '01:58:00', '2020-12-25', '2020-12-25'),
(9, 21, '16:38:00', '16:49:00', '2021-06-10', '2021-06-10'),
(9, 22, '23:20:00', '02:37:00', '2020-06-15', '2020-06-16'),
(9, 22, '23:42:00', '01:53:00', '2020-08-01', '2020-08-02'),
(9, 23, '15:20:00', '15:46:00', '2020-12-23', '2020-12-23'),
(9, 23, '17:35:00', '17:55:00', '2020-07-03', '2020-07-03'),
(9, 24, '20:23:00', '20:58:00', '2020-07-16', '2020-07-16'),
(9, 25, '22:36:00', '02:50:00', '2020-06-10', '2020-06-11'),
(9, 26, '10:20:00', '10:51:00', '2020-08-04', '2020-08-04'),
(9, 27, '04:31:00', '04:37:00', '2021-06-10', '2021-06-10'),
(9, 27, '08:44:00', '08:45:00', '2020-11-08', '2020-11-08'),
(9, 27, '10:26:00', '10:40:00', '2020-03-19', '2020-03-19'),
(9, 28, '11:00:00', '11:51:00', '2021-06-10', '2021-06-10'),
(9, 29, '05:28:00', '05:54:00', '2020-07-03', '2020-07-03'),
(9, 30, '06:37:00', '06:58:00', '2021-01-09', '2021-01-09'),
(9, 30, '11:12:00', '11:40:00', '2020-07-14', '2020-07-14'),
(9, 31, '03:33:00', '03:51:00', '2020-05-01', '2020-05-01'),
(9, 32, '07:30:00', '07:53:00', '2020-08-09', '2020-08-09'),
(9, 33, '07:59:00', '07:59:00', '2020-09-03', '2020-09-03'),
(9, 33, '12:26:00', '12:53:00', '2021-06-10', '2021-06-10'),
(9, 33, '22:25:00', '01:42:00', '2020-06-10', '2020-06-11'),
(9, 34, '09:59:00', '09:59:00', '2021-02-18', '2021-02-18'),
(9, 36, '21:57:00', '00:58:00', '2021-02-17', '2021-02-18'),
(9, 38, '20:56:00', '20:59:00', '2021-06-10', '2021-06-10'),
(9, 39, '18:21:00', '18:35:00', '2021-06-10', '2021-06-10'),
(9, 49, '00:21:00', '01:35:00', '2020-05-08', '2020-05-08'),
(9, 49, '01:33:00', '01:38:00', '2020-11-18', '2020-11-18'),
(9, 49, '06:29:00', '06:47:00', '2021-06-10', '2021-06-10'),
(9, 49, '07:44:00', '07:45:00', '2021-06-25', '2021-06-25'),
(9, 49, '10:08:00', '10:09:00', '2020-09-27', '2020-09-27'),
(9, 49, '20:19:00', '20:35:00', '2020-06-10', '2020-06-10'),
(10, 1, '00:05:00', '00:52:00', '2021-05-15', '2021-05-15'),
(10, 1, '07:39:00', '07:43:00', '2020-05-09', '2020-05-09'),
(10, 1, '23:37:00', '00:38:00', '2021-06-10', '2021-06-11'),
(10, 3, '10:25:00', '10:52:00', '2021-05-23', '2021-05-23'),
(10, 4, '08:24:00', '08:38:00', '2020-09-13', '2020-09-13'),
(10, 6, '03:36:00', '03:56:00', '2021-06-10', '2021-06-10'),
(10, 6, '13:35:00', '13:58:00', '2021-03-10', '2021-03-10'),
(10, 7, '12:05:00', '12:16:00', '2020-03-20', '2020-03-20'),
(10, 9, '00:13:00', '01:24:00', '2021-06-10', '2021-06-10'),
(10, 9, '04:57:00', '04:57:00', '2020-09-01', '2020-09-01'),
(10, 10, '01:29:00', '01:57:00', '2021-03-22', '2021-03-22'),
(10, 10, '12:43:00', '12:45:00', '2021-06-10', '2021-06-10'),
(10, 11, '15:43:00', '15:52:00', '2020-04-16', '2020-04-16'),
(10, 11, '23:40:00', '00:40:00', '2020-06-10', '2020-06-11'),
(10, 12, '05:31:00', '05:37:00', '2020-11-18', '2020-11-18'),
(10, 12, '06:00:00', '06:23:00', '2020-01-05', '2020-01-05'),
(10, 13, '14:27:00', '14:44:00', '2020-08-16', '2020-08-16'),
(10, 13, '17:22:00', '17:53:00', '2020-06-09', '2020-06-09'),
(10, 14, '14:26:00', '14:34:00', '2019-08-06', '2019-08-06'),
(10, 16, '06:34:00', '06:50:00', '2020-08-13', '2020-08-13'),
(10, 17, '00:33:00', '00:55:00', '2021-05-06', '2021-05-06'),
(10, 17, '14:00:00', '14:59:00', '2020-09-20', '2020-09-20'),
(10, 17, '17:15:00', '17:53:00', '2021-04-15', '2021-04-15'),
(10, 18, '23:15:00', '01:40:00', '2021-02-02', '2021-02-03'),
(10, 19, '05:38:00', '05:54:00', '2020-10-21', '2020-10-21'),
(10, 19, '23:56:00', '00:56:00', '2021-02-06', '2021-02-07'),
(10, 21, '01:46:00', '01:51:00', '2021-03-10', '2021-03-10'),
(10, 21, '01:55:00', '01:58:00', '2021-06-10', '2021-06-10'),
(10, 21, '06:50:00', '06:54:00', '2020-12-20', '2020-12-20'),
(10, 21, '23:09:00', '00:24:00', '2020-09-15', '2020-09-16'),
(10, 22, '09:32:00', '09:42:00', '2020-11-15', '2020-11-15'),
(10, 22, '19:42:00', '19:54:00', '2021-01-14', '2021-01-14'),
(10, 23, '11:28:00', '11:59:00', '2021-01-19', '2021-01-19'),
(10, 23, '13:54:00', '13:56:00', '2020-12-07', '2020-12-07'),
(10, 24, '05:26:00', '05:30:00', '2021-02-19', '2021-02-19'),
(10, 24, '06:43:00', '06:49:00', '2020-12-13', '2020-12-13'),
(10, 24, '12:30:00', '12:39:00', '2021-06-10', '2021-06-10'),
(10, 24, '23:07:00', '00:41:00', '2020-06-15', '2020-06-16'),
(10, 25, '02:39:00', '02:43:00', '2020-08-21', '2020-08-21'),
(10, 26, '09:32:00', '09:49:00', '2021-06-10', '2021-06-10'),
(10, 26, '19:03:00', '19:29:00', '2021-04-05', '2021-04-05'),
(10, 27, '00:37:00', '01:57:00', '2020-01-23', '2020-01-23'),
(10, 27, '16:38:00', '16:48:00', '2021-06-10', '2021-06-10'),
(10, 29, '08:52:00', '08:53:00', '2020-06-10', '2020-06-10'),
(10, 29, '13:09:00', '13:30:00', '2021-01-02', '2021-01-02'),
(10, 30, '12:06:00', '12:34:00', '2020-06-10', '2020-06-10'),
(10, 30, '14:05:00', '14:40:00', '2020-10-25', '2020-10-25'),
(10, 30, '16:46:00', '16:53:00', '2021-06-10', '2021-06-10'),
(10, 32, '09:59:00', '09:59:00', '2021-05-02', '2021-05-02'),
(10, 32, '14:43:00', '14:49:00', '2019-11-10', '2019-11-10'),
(10, 32, '23:19:00', '01:38:00', '2020-11-11', '2020-11-12'),
(10, 33, '03:48:00', '03:54:00', '2019-07-20', '2019-07-20'),
(10, 36, '11:05:00', '11:17:00', '2021-06-10', '2021-06-10'),
(10, 37, '00:11:00', '02:37:00', '2020-10-05', '2020-10-05'),
(10, 37, '20:17:00', '20:33:00', '2021-05-27', '2021-05-27'),
(10, 38, '05:06:00', '05:33:00', '2021-04-22', '2021-04-22'),
(10, 38, '10:33:00', '10:52:00', '2021-04-06', '2021-04-06'),
(10, 39, '08:50:00', '08:54:00', '2021-06-24', '2021-06-24'),
(10, 50, '06:03:00', '06:46:00', '2020-06-10', '2020-06-10'),
(10, 50, '07:06:00', '07:42:00', '2021-06-10', '2021-06-10'),
(10, 50, '07:07:00', '07:44:00', '2020-12-19', '2020-12-19'),
(10, 50, '11:40:00', '11:42:00', '2021-02-10', '2021-02-10'),
(10, 50, '16:19:00', '16:33:00', '2019-08-07', '2019-08-07'),
(10, 50, '22:54:00', '01:59:00', '2020-12-06', '2020-12-07'),
(11, 1, '10:39:00', '10:45:00', '2020-01-13', '2020-01-13'),
(11, 1, '18:25:00', '18:51:00', '2021-06-10', '2021-06-10'),
(11, 1, '22:07:00', '02:50:00', '2021-02-07', '2021-02-08'),
(11, 2, '10:32:00', '10:36:00', '2021-06-10', '2021-06-10'),
(11, 2, '14:06:00', '14:09:00', '2021-03-08', '2021-03-08'),
(11, 4, '04:47:00', '04:48:00', '2020-10-24', '2020-10-24'),
(11, 4, '06:02:00', '06:03:00', '2020-07-21', '2020-07-21'),
(11, 5, '00:39:00', '02:58:00', '2020-12-22', '2020-12-22'),
(11, 5, '01:35:00', '01:38:00', '2020-12-01', '2020-12-01'),
(11, 8, '02:05:00', '02:24:00', '2020-10-03', '2020-10-03'),
(11, 8, '02:10:00', '02:56:00', '2020-07-21', '2020-07-21'),
(11, 8, '04:03:00', '04:57:00', '2019-08-02', '2019-08-02'),
(11, 9, '15:51:00', '15:55:00', '2021-02-01', '2021-02-01'),
(11, 10, '08:28:00', '08:30:00', '2021-05-09', '2021-05-09'),
(11, 10, '13:27:00', '13:57:00', '2020-09-17', '2020-09-17'),
(11, 10, '14:54:00', '14:54:00', '2021-06-10', '2021-06-10'),
(11, 10, '19:54:00', '19:59:00', '2019-11-02', '2019-11-02'),
(11, 11, '09:09:00', '09:40:00', '2020-10-24', '2020-10-24'),
(11, 12, '07:38:00', '07:45:00', '2021-06-10', '2021-06-10'),
(11, 13, '03:00:00', '03:53:00', '2020-11-07', '2020-11-07'),
(11, 15, '16:43:00', '16:49:00', '2019-12-07', '2019-12-07'),
(11, 15, '17:37:00', '17:37:00', '2020-03-05', '2020-03-05'),
(11, 15, '22:37:00', '02:46:00', '2020-06-10', '2020-06-11'),
(11, 16, '02:09:00', '02:10:00', '2020-11-04', '2020-11-04'),
(11, 17, '07:40:00', '07:47:00', '2020-11-04', '2020-11-04'),
(11, 17, '20:47:00', '20:48:00', '2021-06-10', '2021-06-10'),
(11, 19, '12:27:00', '12:55:00', '2019-08-01', '2019-08-01'),
(11, 21, '07:55:00', '07:59:00', '2020-09-25', '2020-09-25'),
(11, 21, '10:30:00', '10:47:00', '2020-01-08', '2020-01-08'),
(11, 21, '13:39:00', '13:59:00', '2020-08-23', '2020-08-23'),
(11, 21, '13:59:00', '13:59:00', '2020-08-27', '2020-08-27'),
(11, 23, '05:52:00', '05:55:00', '2021-03-27', '2021-03-27'),
(11, 23, '06:10:00', '06:35:00', '2020-10-13', '2020-10-13'),
(11, 23, '09:44:00', '09:50:00', '2020-03-17', '2020-03-17'),
(11, 23, '13:18:00', '13:45:00', '2020-12-20', '2020-12-20'),
(11, 24, '13:30:00', '13:34:00', '2020-06-10', '2020-06-10'),
(11, 25, '15:40:00', '15:51:00', '2020-08-12', '2020-08-12'),
(11, 25, '23:22:00', '02:22:00', '2021-06-10', '2021-06-11'),
(11, 26, '14:22:00', '14:46:00', '2021-05-12', '2021-05-12'),
(11, 27, '12:42:00', '12:44:00', '2020-12-23', '2020-12-23'),
(11, 28, '08:36:00', '08:49:00', '2021-01-14', '2021-01-14'),
(11, 28, '09:07:00', '09:14:00', '2020-12-08', '2020-12-08'),
(11, 29, '08:39:00', '08:58:00', '2021-01-01', '2021-01-01'),
(11, 30, '07:12:00', '07:39:00', '2020-12-05', '2020-12-05'),
(11, 30, '13:06:00', '13:16:00', '2021-02-26', '2021-02-26'),
(11, 31, '04:48:00', '04:58:00', '2021-06-10', '2021-06-10'),
(11, 32, '01:28:00', '01:44:00', '2019-08-21', '2019-08-21'),
(11, 33, '07:13:00', '07:33:00', '2020-12-19', '2020-12-19'),
(11, 34, '16:06:00', '16:24:00', '2020-05-13', '2020-05-13'),
(11, 34, '23:42:00', '00:58:00', '2021-04-20', '2021-04-21'),
(11, 35, '08:42:00', '08:55:00', '2021-06-10', '2021-06-10'),
(11, 36, '07:24:00', '07:41:00', '2021-03-24', '2021-03-24'),
(11, 36, '08:17:00', '08:53:00', '2020-06-10', '2020-06-10'),
(11, 38, '05:14:00', '05:36:00', '2021-05-13', '2021-05-13'),
(11, 39, '16:53:00', '16:55:00', '2020-09-25', '2020-09-25'),
(11, 39, '21:17:00', '02:39:00', '2020-11-06', '2020-11-07'),
(11, 51, '01:02:00', '01:40:00', '2020-06-10', '2020-06-10'),
(11, 51, '08:17:00', '08:46:00', '2021-06-01', '2021-06-01'),
(11, 51, '08:27:00', '08:56:00', '2021-02-25', '2021-02-25'),
(11, 51, '09:54:00', '09:55:00', '2019-12-03', '2019-12-03'),
(11, 51, '15:55:00', '15:56:00', '2021-06-10', '2021-06-10'),
(11, 51, '20:38:00', '20:39:00', '2020-11-23', '2020-11-23'),
(12, 1, '10:22:00', '10:28:00', '2021-06-26', '2021-06-26'),
(12, 2, '14:31:00', '14:49:00', '2021-03-26', '2021-03-26'),
(12, 2, '20:46:00', '20:49:00', '2021-01-26', '2021-01-26'),
(12, 3, '08:57:00', '08:59:00', '2021-06-10', '2021-06-10'),
(12, 4, '11:32:00', '11:57:00', '2020-06-10', '2020-06-10'),
(12, 5, '09:25:00', '09:53:00', '2019-12-27', '2019-12-27'),
(12, 5, '11:29:00', '11:35:00', '2021-05-20', '2021-05-20'),
(12, 6, '00:18:00', '00:25:00', '2021-06-10', '2021-06-10'),
(12, 6, '17:57:00', '17:58:00', '2019-12-13', '2019-12-13'),
(12, 7, '03:03:00', '03:48:00', '2021-03-11', '2021-03-11'),
(12, 7, '13:33:00', '13:37:00', '2021-03-07', '2021-03-07'),
(12, 8, '10:49:00', '10:54:00', '2020-08-06', '2020-08-06'),
(12, 8, '13:19:00', '13:24:00', '2020-06-10', '2020-06-10'),
(12, 8, '14:42:00', '14:58:00', '2021-06-27', '2021-06-27'),
(12, 10, '10:34:00', '10:39:00', '2020-03-21', '2020-03-21'),
(12, 12, '08:13:00', '08:43:00', '2020-07-26', '2020-07-26'),
(12, 12, '19:38:00', '19:56:00', '2021-03-23', '2021-03-23'),
(12, 12, '22:15:00', '01:22:00', '2019-09-07', '2019-09-08'),
(12, 13, '13:52:00', '13:59:00', '2021-06-10', '2021-06-10'),
(12, 14, '00:42:00', '00:42:00', '2021-02-21', '2021-02-21'),
(12, 14, '07:13:00', '07:29:00', '2020-07-04', '2020-07-04'),
(12, 14, '19:06:00', '19:18:00', '2019-11-25', '2019-11-25'),
(12, 14, '20:02:00', '20:18:00', '2020-09-05', '2020-09-05'),
(12, 15, '04:03:00', '04:37:00', '2020-07-03', '2020-07-03'),
(12, 15, '15:52:00', '15:54:00', '2020-10-04', '2020-10-04'),
(12, 17, '13:28:00', '13:45:00', '2020-02-21', '2020-02-21'),
(12, 18, '17:56:00', '17:56:00', '2021-06-10', '2021-06-10'),
(12, 20, '20:24:00', '20:28:00', '2021-01-07', '2021-01-07'),
(12, 21, '03:18:00', '03:19:00', '2020-08-02', '2020-08-02'),
(12, 21, '05:58:00', '05:59:00', '2021-05-14', '2021-05-14'),
(12, 21, '17:17:00', '17:40:00', '2020-07-27', '2020-07-27'),
(12, 22, '02:22:00', '02:50:00', '2021-06-10', '2021-06-10'),
(12, 23, '02:27:00', '02:51:00', '2020-08-02', '2020-08-02'),
(12, 23, '12:33:00', '12:45:00', '2019-07-10', '2019-07-10'),
(12, 23, '22:12:00', '01:12:00', '2021-03-07', '2021-03-08'),
(12, 24, '17:43:00', '17:50:00', '2020-11-11', '2020-11-11'),
(12, 24, '18:44:00', '18:47:00', '2021-06-10', '2021-06-10'),
(12, 25, '05:22:00', '05:54:00', '2021-04-06', '2021-04-06'),
(12, 26, '02:07:00', '02:16:00', '2020-06-10', '2020-06-10'),
(12, 26, '03:10:00', '03:56:00', '2021-05-02', '2021-05-02'),
(12, 26, '05:47:00', '05:47:00', '2020-11-14', '2020-11-14'),
(12, 26, '13:46:00', '13:53:00', '2021-05-12', '2021-05-12'),
(12, 27, '01:09:00', '01:13:00', '2021-06-10', '2021-06-10'),
(12, 27, '14:20:00', '14:32:00', '2021-04-07', '2021-04-07'),
(12, 28, '04:05:00', '04:38:00', '2019-10-08', '2019-10-08'),
(12, 28, '05:23:00', '05:26:00', '2020-07-13', '2020-07-13'),
(12, 28, '20:31:00', '20:38:00', '2021-05-15', '2021-05-15'),
(12, 29, '05:09:00', '05:21:00', '2020-10-15', '2020-10-15'),
(12, 30, '23:56:00', '00:57:00', '2021-06-10', '2021-06-11'),
(12, 31, '16:51:00', '16:55:00', '2020-03-26', '2020-03-26'),
(12, 33, '17:52:00', '17:59:00', '2020-11-23', '2020-11-23'),
(12, 35, '12:31:00', '12:56:00', '2021-06-10', '2021-06-10'),
(12, 36, '07:25:00', '07:32:00', '2020-04-18', '2020-04-18'),
(12, 37, '23:15:00', '01:58:00', '2021-05-25', '2021-05-26'),
(12, 38, '17:37:00', '17:45:00', '2021-04-11', '2021-04-11'),
(12, 39, '02:46:00', '02:58:00', '2021-04-03', '2021-04-03'),
(12, 39, '05:36:00', '05:49:00', '2020-07-23', '2020-07-23'),
(12, 39, '15:32:00', '15:41:00', '2021-06-10', '2021-06-10'),
(12, 52, '04:59:00', '04:59:00', '2020-11-15', '2020-11-15'),
(12, 52, '05:53:00', '05:58:00', '2021-06-10', '2021-06-10'),
(12, 52, '11:27:00', '11:39:00', '2020-06-10', '2020-06-10'),
(12, 52, '14:24:00', '14:33:00', '2021-01-06', '2021-01-06'),
(12, 52, '17:49:00', '17:59:00', '2020-11-25', '2020-11-25'),
(12, 52, '23:33:00', '02:52:00', '2020-05-27', '2020-05-28'),
(13, 1, '01:01:00', '01:46:00', '2021-05-25', '2021-05-25'),
(13, 2, '06:13:00', '06:27:00', '2021-03-10', '2021-03-10'),
(13, 3, '05:20:00', '05:39:00', '2021-01-18', '2021-01-18'),
(13, 3, '18:21:00', '18:49:00', '2021-04-26', '2021-04-26'),
(13, 4, '02:11:00', '02:47:00', '2020-09-04', '2020-09-04'),
(13, 4, '22:33:00', '02:35:00', '2020-12-16', '2020-12-17'),
(13, 5, '07:02:00', '07:02:00', '2020-12-08', '2020-12-08'),
(13, 5, '13:28:00', '13:51:00', '2019-08-27', '2019-08-27'),
(13, 5, '18:15:00', '18:17:00', '2020-11-23', '2020-11-23'),
(13, 9, '00:29:00', '00:31:00', '2020-08-07', '2020-08-07'),
(13, 9, '08:57:00', '08:59:00', '2021-06-10', '2021-06-10'),
(13, 9, '19:43:00', '19:54:00', '2020-12-13', '2020-12-13'),
(13, 10, '10:10:00', '10:48:00', '2021-05-13', '2021-05-13'),
(13, 10, '21:34:00', '00:57:00', '2020-05-18', '2020-05-19'),
(13, 11, '03:00:00', '03:48:00', '2021-06-10', '2021-06-10'),
(13, 11, '08:08:00', '08:54:00', '2020-11-13', '2020-11-13'),
(13, 12, '00:15:00', '02:45:00', '2020-12-05', '2020-12-05'),
(13, 12, '10:06:00', '10:57:00', '2019-12-27', '2019-12-27'),
(13, 12, '20:44:00', '20:54:00', '2020-09-23', '2020-09-23'),
(13, 13, '02:14:00', '02:46:00', '2021-05-13', '2021-05-13'),
(13, 13, '08:53:00', '08:58:00', '2021-06-10', '2021-06-10'),
(13, 14, '15:39:00', '15:49:00', '2021-04-13', '2021-04-13'),
(13, 15, '16:14:00', '16:34:00', '2021-06-17', '2021-06-17'),
(13, 16, '13:18:00', '13:28:00', '2019-10-10', '2019-10-10'),
(13, 16, '15:46:00', '15:46:00', '2020-09-07', '2020-09-07'),
(13, 16, '20:14:00', '20:42:00', '2020-11-14', '2020-11-14'),
(13, 16, '20:31:00', '20:40:00', '2021-05-06', '2021-05-06'),
(13, 18, '14:07:00', '14:43:00', '2020-06-10', '2020-06-10'),
(13, 18, '19:22:00', '19:28:00', '2020-11-10', '2020-11-10'),
(13, 20, '04:15:00', '04:42:00', '2021-01-17', '2021-01-17'),
(13, 20, '16:00:00', '16:56:00', '2020-05-06', '2020-05-06'),
(13, 21, '17:28:00', '17:41:00', '2021-04-15', '2021-04-15'),
(13, 21, '21:48:00', '01:53:00', '2020-08-13', '2020-08-14'),
(13, 22, '04:20:00', '04:45:00', '2020-08-14', '2020-08-14'),
(13, 22, '14:51:00', '14:59:00', '2020-06-10', '2020-06-10'),
(13, 24, '01:51:00', '01:53:00', '2020-06-10', '2020-06-10'),
(13, 24, '06:31:00', '06:56:00', '2020-10-07', '2020-10-07'),
(13, 25, '11:56:00', '11:56:00', '2020-01-16', '2020-01-16'),
(13, 25, '16:55:00', '16:55:00', '2019-08-18', '2019-08-18'),
(13, 26, '04:33:00', '04:48:00', '2020-07-05', '2020-07-05'),
(13, 27, '00:24:00', '02:55:00', '2021-06-10', '2021-06-10'),
(13, 27, '01:20:00', '01:55:00', '2021-02-14', '2021-02-14'),
(13, 28, '17:57:00', '17:59:00', '2021-03-14', '2021-03-14'),
(13, 30, '20:33:00', '20:38:00', '2021-06-10', '2021-06-10'),
(13, 31, '16:40:00', '16:58:00', '2021-05-14', '2021-05-14'),
(13, 32, '03:37:00', '03:39:00', '2020-01-24', '2020-01-24'),
(13, 33, '20:13:00', '20:34:00', '2021-06-10', '2021-06-10'),
(13, 34, '11:34:00', '11:48:00', '2021-06-10', '2021-06-10'),
(13, 34, '15:20:00', '15:28:00', '2020-07-24', '2020-07-24'),
(13, 35, '07:58:00', '07:59:00', '2019-09-16', '2019-09-16'),
(13, 35, '12:56:00', '12:58:00', '2020-09-04', '2020-09-04'),
(13, 35, '17:20:00', '17:26:00', '2021-04-01', '2021-04-01'),
(13, 36, '06:01:00', '06:31:00', '2021-05-17', '2021-05-17'),
(13, 36, '17:21:00', '17:35:00', '2021-02-07', '2021-02-07'),
(13, 36, '17:25:00', '17:31:00', '2021-06-10', '2021-06-10'),
(13, 37, '00:12:00', '02:45:00', '2021-06-10', '2021-06-10'),
(13, 39, '04:01:00', '04:20:00', '2020-03-24', '2020-03-24'),
(13, 53, '01:18:00', '01:40:00', '2020-09-04', '2020-09-04'),
(13, 53, '01:37:00', '01:37:00', '2020-12-24', '2020-12-24'),
(13, 53, '09:57:00', '09:59:00', '2019-10-20', '2019-10-20'),
(13, 53, '14:10:00', '14:39:00', '2020-06-10', '2020-06-10'),
(13, 53, '14:34:00', '14:49:00', '2021-06-10', '2021-06-10'),
(13, 53, '20:45:00', '20:49:00', '2020-09-24', '2020-09-24'),
(14, 1, '06:02:00', '06:19:00', '2021-03-27', '2021-03-27'),
(14, 2, '18:40:00', '18:48:00', '2021-05-10', '2021-05-10'),
(14, 3, '11:56:00', '11:58:00', '2020-02-20', '2020-02-20'),
(14, 5, '17:07:00', '17:28:00', '2021-06-10', '2021-06-10'),
(14, 6, '14:16:00', '14:26:00', '2021-04-13', '2021-04-13'),
(14, 7, '00:26:00', '01:26:00', '2021-03-20', '2021-03-20'),
(14, 7, '17:44:00', '17:59:00', '2021-06-10', '2021-06-10'),
(14, 7, '19:16:00', '19:16:00', '2019-09-26', '2019-09-26'),
(14, 8, '03:44:00', '03:57:00', '2021-06-10', '2021-06-10'),
(14, 8, '06:41:00', '06:56:00', '2021-02-25', '2021-02-25'),
(14, 9, '16:06:00', '16:18:00', '2021-05-12', '2021-05-12'),
(14, 10, '04:22:00', '04:39:00', '2021-03-09', '2021-03-09'),
(14, 10, '06:46:00', '06:53:00', '2020-11-23', '2020-11-23'),
(14, 10, '19:49:00', '19:53:00', '2020-11-20', '2020-11-20'),
(14, 13, '23:47:00', '02:58:00', '2020-01-26', '2020-01-27'),
(14, 14, '11:37:00', '11:43:00', '2020-12-15', '2020-12-15'),
(14, 18, '14:25:00', '14:51:00', '2020-06-10', '2020-06-10'),
(14, 18, '21:35:00', '00:50:00', '2020-08-02', '2020-08-03'),
(14, 19, '17:45:00', '17:51:00', '2020-08-27', '2020-08-27'),
(14, 20, '15:21:00', '15:46:00', '2020-09-21', '2020-09-21'),
(14, 20, '23:01:00', '02:26:00', '2020-10-19', '2020-10-20'),
(14, 21, '03:48:00', '03:49:00', '2021-06-18', '2021-06-18'),
(14, 21, '04:59:00', '04:59:00', '2021-01-09', '2021-01-09'),
(14, 21, '07:18:00', '07:49:00', '2021-03-15', '2021-03-15'),
(14, 21, '08:31:00', '08:37:00', '2021-06-10', '2021-06-10'),
(14, 21, '17:01:00', '17:39:00', '2020-09-24', '2020-09-24'),
(14, 22, '07:16:00', '07:56:00', '2021-06-10', '2021-06-10');
INSERT INTO `visits` (`NFC_ID`, `Place_ID`, `Entrance_Time`, `Exit_Time`, `Entrance_Date`, `Exit_Date`) VALUES
(14, 24, '07:17:00', '07:31:00', '2020-09-05', '2020-09-05'),
(14, 24, '17:52:00', '17:59:00', '2021-05-09', '2021-05-09'),
(14, 25, '05:42:00', '05:54:00', '2020-06-10', '2020-06-10'),
(14, 25, '08:44:00', '08:45:00', '2019-11-09', '2019-11-09'),
(14, 25, '18:42:00', '18:58:00', '2020-12-10', '2020-12-10'),
(14, 25, '20:15:00', '20:46:00', '2021-06-10', '2021-06-10'),
(14, 26, '00:04:00', '00:27:00', '2020-07-03', '2020-07-03'),
(14, 26, '12:55:00', '12:56:00', '2021-06-10', '2021-06-10'),
(14, 27, '11:37:00', '11:50:00', '2020-09-19', '2020-09-19'),
(14, 27, '15:09:00', '15:49:00', '2021-04-12', '2021-04-12'),
(14, 27, '23:01:00', '01:05:00', '2021-03-27', '2021-03-28'),
(14, 28, '01:05:00', '01:53:00', '2019-09-03', '2019-09-03'),
(14, 28, '01:40:00', '01:58:00', '2021-05-17', '2021-05-17'),
(14, 28, '19:26:00', '19:48:00', '2021-01-08', '2021-01-08'),
(14, 29, '03:18:00', '03:41:00', '2020-07-05', '2020-07-05'),
(14, 30, '16:38:00', '16:38:00', '2019-08-22', '2019-08-22'),
(14, 31, '10:33:00', '10:54:00', '2020-10-02', '2020-10-02'),
(14, 31, '11:10:00', '11:25:00', '2020-05-21', '2020-05-21'),
(14, 31, '21:43:00', '01:47:00', '2021-04-17', '2021-04-18'),
(14, 31, '23:06:00', '02:09:00', '2021-06-10', '2021-06-11'),
(14, 32, '08:56:00', '08:56:00', '2020-04-17', '2020-04-17'),
(14, 32, '12:55:00', '12:57:00', '2020-11-23', '2020-11-23'),
(14, 33, '03:08:00', '03:14:00', '2020-05-21', '2020-05-21'),
(14, 33, '22:25:00', '01:30:00', '2021-04-16', '2021-04-17'),
(14, 34, '11:25:00', '11:40:00', '2020-11-11', '2020-11-11'),
(14, 35, '01:58:00', '01:59:00', '2020-06-10', '2020-06-10'),
(14, 36, '01:12:00', '01:16:00', '2021-05-14', '2021-05-14'),
(14, 37, '04:33:00', '04:40:00', '2020-04-21', '2020-04-21'),
(14, 37, '08:26:00', '08:46:00', '2020-08-21', '2020-08-21'),
(14, 39, '21:15:00', '00:43:00', '2021-06-10', '2021-06-11'),
(14, 54, '04:39:00', '04:42:00', '2020-01-15', '2020-01-15'),
(14, 54, '06:25:00', '06:28:00', '2021-06-10', '2021-06-10'),
(14, 54, '09:34:00', '09:42:00', '2020-12-12', '2020-12-12'),
(14, 54, '12:20:00', '12:39:00', '2020-06-10', '2020-06-10'),
(14, 54, '12:56:00', '12:59:00', '2020-11-15', '2020-11-15'),
(15, 1, '09:15:00', '09:59:00', '2021-05-24', '2021-05-24'),
(15, 2, '12:28:00', '12:50:00', '2020-11-20', '2020-11-20'),
(15, 2, '23:23:00', '01:37:00', '2020-06-10', '2020-06-11'),
(15, 3, '01:40:00', '01:59:00', '2020-12-11', '2020-12-11'),
(15, 3, '05:33:00', '05:34:00', '2021-06-10', '2021-06-10'),
(15, 5, '16:39:00', '16:44:00', '2020-12-05', '2020-12-05'),
(15, 6, '04:36:00', '04:38:00', '2021-06-10', '2021-06-10'),
(15, 6, '18:26:00', '18:29:00', '2021-03-21', '2021-03-21'),
(15, 6, '23:53:00', '00:59:00', '2019-10-13', '2019-10-14'),
(15, 7, '08:22:00', '08:45:00', '2020-10-22', '2020-10-22'),
(15, 8, '05:41:00', '05:41:00', '2020-09-20', '2020-09-20'),
(15, 8, '15:19:00', '15:48:00', '2020-08-04', '2020-08-04'),
(15, 9, '07:45:00', '07:56:00', '2021-06-10', '2021-06-10'),
(15, 9, '19:00:00', '19:47:00', '2021-04-24', '2021-04-24'),
(15, 10, '11:57:00', '11:57:00', '2021-01-06', '2021-01-06'),
(15, 10, '18:10:00', '18:10:00', '2020-05-02', '2020-05-02'),
(15, 10, '23:58:00', '02:59:00', '2020-01-18', '2020-01-19'),
(15, 11, '11:02:00', '11:36:00', '2020-06-10', '2020-06-10'),
(15, 12, '05:30:00', '05:46:00', '2019-08-04', '2019-08-04'),
(15, 12, '08:23:00', '08:38:00', '2021-02-07', '2021-02-07'),
(15, 12, '17:37:00', '17:40:00', '2020-07-06', '2020-07-06'),
(15, 16, '13:22:00', '13:49:00', '2020-10-04', '2020-10-04'),
(15, 17, '22:17:00', '02:56:00', '2020-12-17', '2020-12-18'),
(15, 19, '15:12:00', '15:35:00', '2019-11-01', '2019-11-01'),
(15, 21, '01:08:00', '01:22:00', '2020-01-11', '2020-01-11'),
(15, 21, '02:51:00', '02:53:00', '2021-02-21', '2021-02-21'),
(15, 22, '08:00:00', '08:25:00', '2021-06-10', '2021-06-10'),
(15, 24, '01:18:00', '01:32:00', '2020-09-16', '2020-09-16'),
(15, 24, '14:12:00', '14:59:00', '2021-04-12', '2021-04-12'),
(15, 25, '10:26:00', '10:55:00', '2020-12-25', '2020-12-25'),
(15, 25, '18:25:00', '18:39:00', '2021-06-10', '2021-06-10'),
(15, 27, '23:18:00', '02:53:00', '2021-06-10', '2021-06-11'),
(15, 28, '12:51:00', '12:57:00', '2020-04-17', '2020-04-17'),
(15, 28, '19:35:00', '19:55:00', '2020-02-01', '2020-02-01'),
(15, 28, '21:55:00', '00:58:00', '2021-06-10', '2021-06-11'),
(15, 29, '17:50:00', '17:59:00', '2020-07-21', '2020-07-21'),
(15, 30, '06:47:00', '06:51:00', '2021-02-27', '2021-02-27'),
(15, 30, '10:38:00', '10:47:00', '2020-11-25', '2020-11-25'),
(15, 31, '07:41:00', '07:54:00', '2021-06-10', '2021-06-10'),
(15, 31, '09:41:00', '09:45:00', '2021-04-19', '2021-04-19'),
(15, 31, '21:32:00', '02:55:00', '2021-02-12', '2021-02-13'),
(15, 32, '20:15:00', '20:15:00', '2020-12-27', '2020-12-27'),
(15, 33, '23:11:00', '00:28:00', '2021-04-06', '2021-04-07'),
(15, 35, '01:47:00', '01:58:00', '2021-01-16', '2021-01-16'),
(15, 35, '12:19:00', '12:43:00', '2020-04-06', '2020-04-06'),
(15, 36, '08:35:00', '08:47:00', '2020-11-23', '2020-11-23'),
(15, 36, '23:02:00', '00:56:00', '2020-09-22', '2020-09-23'),
(15, 37, '16:52:00', '16:55:00', '2020-10-07', '2020-10-07'),
(15, 37, '19:03:00', '19:56:00', '2020-07-13', '2020-07-13'),
(15, 37, '22:18:00', '00:31:00', '2021-01-19', '2021-01-20'),
(15, 38, '00:01:00', '00:08:00', '2020-07-23', '2020-07-23'),
(15, 39, '01:20:00', '01:51:00', '2020-12-24', '2020-12-24'),
(15, 39, '02:13:00', '02:15:00', '2021-06-10', '2021-06-10'),
(15, 39, '05:44:00', '05:53:00', '2020-10-11', '2020-10-11'),
(15, 39, '09:15:00', '09:30:00', '2020-10-01', '2020-10-01'),
(15, 39, '10:49:00', '10:54:00', '2020-06-10', '2020-06-10'),
(15, 39, '21:45:00', '01:49:00', '2019-07-26', '2019-07-27'),
(15, 55, '00:05:00', '01:42:00', '2020-09-14', '2020-09-14'),
(15, 55, '04:16:00', '04:40:00', '2020-01-24', '2020-01-24'),
(15, 55, '08:03:00', '08:04:00', '2020-06-10', '2020-06-10'),
(15, 55, '16:15:00', '16:24:00', '2020-10-22', '2020-10-22'),
(15, 55, '17:17:00', '17:47:00', '2021-06-10', '2021-06-10'),
(15, 55, '17:28:00', '17:36:00', '2020-12-10', '2020-12-10'),
(16, 1, '01:23:00', '01:53:00', '2021-05-10', '2021-05-10'),
(16, 1, '12:55:00', '12:56:00', '2020-07-09', '2020-07-09'),
(16, 1, '19:54:00', '19:59:00', '2021-06-10', '2021-06-10'),
(16, 4, '17:17:00', '17:28:00', '2020-11-05', '2020-11-05'),
(16, 7, '21:40:00', '02:51:00', '2021-06-13', '2021-06-14'),
(16, 8, '02:36:00', '02:58:00', '2021-01-13', '2021-01-13'),
(16, 8, '20:10:00', '20:51:00', '2019-10-18', '2019-10-18'),
(16, 9, '09:49:00', '09:51:00', '2020-02-02', '2020-02-02'),
(16, 11, '10:03:00', '10:21:00', '2020-05-10', '2020-05-10'),
(16, 11, '14:34:00', '14:57:00', '2020-07-13', '2020-07-13'),
(16, 11, '17:46:00', '17:46:00', '2020-06-10', '2020-06-10'),
(16, 11, '18:11:00', '18:19:00', '2021-05-10', '2021-05-10'),
(16, 12, '00:00:00', '00:44:00', '2021-04-18', '2021-04-18'),
(16, 12, '03:11:00', '03:21:00', '2021-05-26', '2021-05-26'),
(16, 12, '22:52:00', '02:58:00', '2020-07-17', '2020-07-18'),
(16, 14, '01:45:00', '01:59:00', '2021-06-10', '2021-06-10'),
(16, 14, '10:53:00', '10:57:00', '2020-09-09', '2020-09-09'),
(16, 15, '18:44:00', '18:54:00', '2020-07-03', '2020-07-03'),
(16, 16, '16:09:00', '16:24:00', '2020-12-11', '2020-12-11'),
(16, 16, '21:52:00', '00:57:00', '2021-06-10', '2021-06-11'),
(16, 16, '22:29:00', '01:30:00', '2020-05-01', '2020-05-02'),
(16, 18, '19:30:00', '19:37:00', '2021-06-10', '2021-06-10'),
(16, 19, '12:01:00', '12:33:00', '2021-01-11', '2021-01-11'),
(16, 20, '23:17:00', '02:38:00', '2020-10-17', '2020-10-18'),
(16, 21, '08:37:00', '08:46:00', '2021-02-07', '2021-02-07'),
(16, 21, '16:09:00', '16:39:00', '2021-06-10', '2021-06-10'),
(16, 22, '02:13:00', '02:47:00', '2021-04-07', '2021-04-07'),
(16, 23, '01:44:00', '01:44:00', '2021-04-18', '2021-04-18'),
(16, 23, '06:21:00', '06:36:00', '2020-06-10', '2020-06-10'),
(16, 25, '12:54:00', '12:54:00', '2020-07-18', '2020-07-18'),
(16, 25, '23:17:00', '01:39:00', '2021-06-10', '2021-06-11'),
(16, 25, '23:40:00', '02:46:00', '2019-10-04', '2019-10-05'),
(16, 26, '09:18:00', '09:22:00', '2020-07-24', '2020-07-24'),
(16, 26, '09:55:00', '09:58:00', '2020-01-06', '2020-01-06'),
(16, 26, '11:13:00', '11:30:00', '2019-10-27', '2019-10-27'),
(16, 26, '12:30:00', '12:42:00', '2020-07-23', '2020-07-23'),
(16, 27, '12:54:00', '12:56:00', '2021-01-07', '2021-01-07'),
(16, 28, '10:58:00', '10:58:00', '2021-04-11', '2021-04-11'),
(16, 29, '03:52:00', '03:52:00', '2021-05-05', '2021-05-05'),
(16, 29, '16:45:00', '16:45:00', '2020-06-10', '2020-06-10'),
(16, 29, '22:42:00', '01:57:00', '2021-05-18', '2021-05-19'),
(16, 30, '02:30:00', '02:49:00', '2020-08-19', '2020-08-19'),
(16, 30, '17:35:00', '17:35:00', '2021-06-10', '2021-06-10'),
(16, 31, '00:08:00', '01:39:00', '2021-06-10', '2021-06-10'),
(16, 31, '02:35:00', '02:55:00', '2021-05-21', '2021-05-21'),
(16, 31, '02:49:00', '02:51:00', '2021-03-09', '2021-03-09'),
(16, 31, '17:22:00', '17:33:00', '2020-10-25', '2020-10-25'),
(16, 32, '04:18:00', '04:39:00', '2020-12-27', '2020-12-27'),
(16, 33, '11:08:00', '11:32:00', '2020-02-27', '2020-02-27'),
(16, 34, '06:22:00', '06:26:00', '2020-10-05', '2020-10-05'),
(16, 34, '11:23:00', '11:51:00', '2021-06-10', '2021-06-10'),
(16, 34, '19:21:00', '19:27:00', '2021-05-11', '2021-05-11'),
(16, 35, '16:20:00', '16:21:00', '2020-11-26', '2020-11-26'),
(16, 35, '22:41:00', '01:54:00', '2021-06-10', '2021-06-11'),
(16, 36, '00:56:00', '00:57:00', '2021-04-16', '2021-04-16'),
(16, 37, '18:28:00', '18:36:00', '2020-03-13', '2020-03-13'),
(16, 39, '18:04:00', '18:54:00', '2020-02-18', '2020-02-18'),
(16, 56, '03:16:00', '03:35:00', '2019-10-11', '2019-10-11'),
(16, 56, '07:35:00', '07:42:00', '2020-10-20', '2020-10-20'),
(16, 56, '10:43:00', '10:46:00', '2020-06-10', '2020-06-10'),
(16, 56, '10:48:00', '10:58:00', '2021-06-10', '2021-06-10'),
(16, 56, '11:06:00', '11:51:00', '2020-08-14', '2020-08-14'),
(16, 56, '23:38:00', '01:50:00', '2021-01-23', '2021-01-24'),
(17, 1, '10:43:00', '10:45:00', '2021-05-04', '2021-05-04'),
(17, 2, '04:32:00', '04:34:00', '2021-06-10', '2021-06-10'),
(17, 2, '09:41:00', '09:44:00', '2020-12-08', '2020-12-08'),
(17, 3, '00:47:00', '00:47:00', '2020-04-07', '2020-04-07'),
(17, 3, '03:40:00', '03:46:00', '2021-06-13', '2021-06-13'),
(17, 3, '21:54:00', '02:58:00', '2021-06-10', '2021-06-11'),
(17, 4, '05:08:00', '05:14:00', '2020-11-27', '2020-11-27'),
(17, 5, '15:34:00', '15:44:00', '2021-06-11', '2021-06-11'),
(17, 7, '03:48:00', '03:48:00', '2021-05-19', '2021-05-19'),
(17, 8, '04:25:00', '04:48:00', '2021-03-17', '2021-03-17'),
(17, 8, '13:13:00', '13:42:00', '2020-06-10', '2020-06-10'),
(17, 10, '10:21:00', '10:55:00', '2020-12-13', '2020-12-13'),
(17, 10, '13:38:00', '13:56:00', '2021-06-10', '2021-06-10'),
(17, 10, '15:26:00', '15:51:00', '2021-06-11', '2021-06-11'),
(17, 11, '02:15:00', '02:23:00', '2021-05-22', '2021-05-22'),
(17, 11, '16:35:00', '16:40:00', '2021-02-15', '2021-02-15'),
(17, 12, '02:24:00', '02:51:00', '2020-03-08', '2020-03-08'),
(17, 12, '06:34:00', '06:44:00', '2021-06-01', '2021-06-01'),
(17, 12, '07:52:00', '07:58:00', '2020-12-08', '2020-12-08'),
(17, 13, '03:58:00', '03:59:00', '2020-06-10', '2020-06-10'),
(17, 13, '10:46:00', '10:51:00', '2021-06-10', '2021-06-10'),
(17, 14, '05:48:00', '05:52:00', '2021-02-19', '2021-02-19'),
(17, 17, '08:00:00', '08:50:00', '2021-06-25', '2021-06-25'),
(17, 18, '06:57:00', '06:59:00', '2021-05-09', '2021-05-09'),
(17, 18, '15:59:00', '15:59:00', '2021-05-15', '2021-05-15'),
(17, 19, '00:34:00', '02:48:00', '2020-09-26', '2020-09-26'),
(17, 19, '04:58:00', '04:59:00', '2021-06-10', '2021-06-10'),
(17, 20, '10:08:00', '10:14:00', '2020-09-23', '2020-09-23'),
(17, 21, '05:12:00', '05:46:00', '2019-10-11', '2019-10-11'),
(17, 21, '10:53:00', '10:57:00', '2020-09-05', '2020-09-05'),
(17, 23, '18:12:00', '18:34:00', '2020-01-22', '2020-01-22'),
(17, 23, '19:18:00', '19:52:00', '2020-07-19', '2020-07-19'),
(17, 24, '18:37:00', '18:53:00', '2020-03-03', '2020-03-03'),
(17, 25, '22:39:00', '02:44:00', '2021-06-10', '2021-06-11'),
(17, 26, '00:02:00', '01:53:00', '2021-06-10', '2021-06-10'),
(17, 26, '01:39:00', '01:55:00', '2021-01-15', '2021-01-15'),
(17, 26, '10:01:00', '10:45:00', '2021-02-27', '2021-02-27'),
(17, 26, '21:12:00', '00:58:00', '2021-01-27', '2021-01-28'),
(17, 26, '21:13:00', '02:31:00', '2020-12-21', '2020-12-22'),
(17, 27, '01:42:00', '01:43:00', '2021-06-10', '2021-06-10'),
(17, 27, '11:46:00', '11:59:00', '2020-02-02', '2020-02-02'),
(17, 28, '10:01:00', '10:28:00', '2020-01-07', '2020-01-07'),
(17, 28, '16:27:00', '16:47:00', '2019-12-05', '2019-12-05'),
(17, 29, '17:20:00', '17:25:00', '2021-06-10', '2021-06-10'),
(17, 31, '09:34:00', '09:45:00', '2019-08-02', '2019-08-02'),
(17, 31, '12:48:00', '12:55:00', '2021-05-07', '2021-05-07'),
(17, 31, '21:09:00', '02:27:00', '2021-02-18', '2021-02-19'),
(17, 32, '11:31:00', '11:35:00', '2021-03-02', '2021-03-02'),
(17, 33, '05:09:00', '05:43:00', '2020-03-10', '2020-03-10'),
(17, 33, '07:55:00', '07:55:00', '2020-09-14', '2020-09-14'),
(17, 33, '20:26:00', '20:50:00', '2021-04-15', '2021-04-15'),
(17, 34, '17:04:00', '17:31:00', '2020-12-05', '2020-12-05'),
(17, 35, '07:52:00', '07:52:00', '2021-02-15', '2021-02-15'),
(17, 35, '12:21:00', '12:53:00', '2021-05-13', '2021-05-13'),
(17, 35, '19:34:00', '19:52:00', '2021-06-10', '2021-06-10'),
(17, 36, '17:40:00', '17:53:00', '2021-04-12', '2021-04-12'),
(17, 38, '23:49:00', '01:58:00', '2020-08-15', '2020-08-16'),
(17, 57, '04:43:00', '04:54:00', '2021-06-10', '2021-06-10'),
(17, 57, '04:46:00', '04:57:00', '2020-04-12', '2020-04-12'),
(17, 57, '07:36:00', '07:56:00', '2020-11-15', '2020-11-15'),
(17, 57, '10:29:00', '10:52:00', '2020-06-10', '2020-06-10'),
(17, 57, '11:43:00', '11:55:00', '2020-10-08', '2020-10-08'),
(17, 57, '19:59:00', '19:59:00', '2020-08-09', '2020-08-09'),
(18, 1, '00:14:00', '00:16:00', '2021-06-10', '2021-06-10'),
(18, 2, '04:20:00', '04:44:00', '2021-06-10', '2021-06-10'),
(18, 2, '15:23:00', '15:30:00', '2021-03-20', '2021-03-20'),
(18, 2, '21:43:00', '02:46:00', '2020-11-14', '2020-11-15'),
(18, 3, '00:03:00', '01:52:00', '2020-10-06', '2020-10-06'),
(18, 3, '11:52:00', '11:52:00', '2021-02-10', '2021-02-10'),
(18, 5, '12:35:00', '12:50:00', '2020-03-09', '2020-03-09'),
(18, 5, '16:38:00', '16:55:00', '2021-01-24', '2021-01-24'),
(18, 6, '21:37:00', '01:41:00', '2019-10-15', '2019-10-16'),
(18, 7, '17:12:00', '17:19:00', '2020-10-12', '2020-10-12'),
(18, 9, '11:06:00', '11:17:00', '2020-06-10', '2020-06-10'),
(18, 10, '00:06:00', '01:21:00', '2021-06-10', '2021-06-10'),
(18, 10, '07:46:00', '07:53:00', '2020-11-04', '2020-11-04'),
(18, 11, '23:46:00', '01:49:00', '2021-06-10', '2021-06-11'),
(18, 12, '14:13:00', '14:41:00', '2021-05-08', '2021-05-08'),
(18, 13, '05:39:00', '05:59:00', '2021-02-14', '2021-02-14'),
(18, 14, '11:55:00', '11:59:00', '2020-06-18', '2020-06-18'),
(18, 14, '21:26:00', '02:27:00', '2021-05-20', '2021-05-21'),
(18, 14, '22:39:00', '02:58:00', '2020-08-13', '2020-08-14'),
(18, 15, '17:04:00', '17:49:00', '2019-08-06', '2019-08-06'),
(18, 15, '20:16:00', '20:39:00', '2020-10-13', '2020-10-13'),
(18, 15, '23:09:00', '01:36:00', '2019-11-18', '2019-11-19'),
(18, 16, '03:47:00', '03:55:00', '2020-09-15', '2020-09-15'),
(18, 16, '14:42:00', '14:54:00', '2020-07-03', '2020-07-03'),
(18, 17, '12:45:00', '12:49:00', '2021-06-10', '2021-06-10'),
(18, 18, '14:50:00', '14:58:00', '2021-06-10', '2021-06-10'),
(18, 21, '06:41:00', '06:41:00', '2020-12-21', '2020-12-21'),
(18, 22, '13:00:00', '13:41:00', '2021-06-10', '2021-06-10'),
(18, 22, '17:47:00', '17:49:00', '2019-10-17', '2019-10-17'),
(18, 22, '20:31:00', '20:54:00', '2020-07-11', '2020-07-11'),
(18, 23, '05:49:00', '05:51:00', '2021-06-10', '2021-06-10'),
(18, 24, '02:19:00', '02:53:00', '2020-08-23', '2020-08-23'),
(18, 24, '18:44:00', '18:49:00', '2021-05-19', '2021-05-19'),
(18, 25, '19:17:00', '19:27:00', '2020-05-22', '2020-05-22'),
(18, 27, '00:39:00', '02:52:00', '2020-09-13', '2020-09-13'),
(18, 27, '07:52:00', '07:54:00', '2021-01-19', '2021-01-19'),
(18, 27, '11:08:00', '11:40:00', '2019-12-05', '2019-12-05'),
(18, 28, '12:39:00', '12:58:00', '2021-01-06', '2021-01-06'),
(18, 28, '21:32:00', '02:52:00', '2020-02-04', '2020-02-05'),
(18, 29, '02:10:00', '02:42:00', '2021-04-26', '2021-04-26'),
(18, 29, '04:23:00', '04:46:00', '2020-12-04', '2020-12-04'),
(18, 29, '10:14:00', '10:32:00', '2021-04-02', '2021-04-02'),
(18, 30, '03:33:00', '03:41:00', '2020-08-12', '2020-08-12'),
(18, 30, '10:08:00', '10:35:00', '2021-06-10', '2021-06-10'),
(18, 30, '21:07:00', '00:59:00', '2020-09-07', '2020-09-08'),
(18, 31, '23:00:00', '00:30:00', '2021-05-25', '2021-05-26'),
(18, 32, '02:58:00', '02:58:00', '2020-08-13', '2020-08-13'),
(18, 32, '17:32:00', '17:56:00', '2021-01-21', '2021-01-21'),
(18, 33, '18:41:00', '18:46:00', '2021-03-26', '2021-03-26'),
(18, 33, '19:40:00', '19:47:00', '2020-06-10', '2020-06-10'),
(18, 33, '20:00:00', '20:17:00', '2020-10-11', '2020-10-11'),
(18, 34, '21:41:00', '02:42:00', '2020-12-23', '2020-12-24'),
(18, 35, '01:28:00', '01:57:00', '2021-05-11', '2021-05-11'),
(18, 36, '10:26:00', '10:35:00', '2020-11-17', '2020-11-17'),
(18, 36, '12:12:00', '12:15:00', '2020-06-10', '2020-06-10'),
(18, 36, '23:29:00', '01:37:00', '2021-06-10', '2021-06-11'),
(18, 38, '17:39:00', '17:50:00', '2020-08-12', '2020-08-12'),
(18, 38, '17:45:00', '17:54:00', '2020-03-12', '2020-03-12'),
(18, 58, '06:22:00', '06:22:00', '2019-11-25', '2019-11-25'),
(18, 58, '08:38:00', '08:46:00', '2020-09-06', '2020-09-06'),
(18, 58, '16:05:00', '16:41:00', '2021-04-07', '2021-04-07'),
(18, 58, '17:53:00', '17:55:00', '2021-06-10', '2021-06-10'),
(18, 58, '17:57:00', '17:58:00', '2021-01-27', '2021-01-27'),
(18, 58, '19:01:00', '19:23:00', '2020-06-10', '2020-06-10'),
(19, 2, '05:33:00', '05:59:00', '2019-09-26', '2019-09-26'),
(19, 5, '01:40:00', '01:51:00', '2020-11-24', '2020-11-24'),
(19, 5, '20:18:00', '20:39:00', '2021-06-10', '2021-06-10'),
(19, 6, '10:42:00', '10:54:00', '2021-05-05', '2021-05-05'),
(19, 7, '03:37:00', '03:57:00', '2021-06-10', '2021-06-10'),
(19, 7, '07:09:00', '07:29:00', '2020-12-22', '2020-12-22'),
(19, 7, '10:35:00', '10:40:00', '2021-02-04', '2021-02-04'),
(19, 8, '23:29:00', '01:59:00', '2019-12-08', '2019-12-09'),
(19, 9, '00:59:00', '00:59:00', '2021-06-10', '2021-06-10'),
(19, 9, '08:42:00', '08:55:00', '2021-05-26', '2021-05-26'),
(19, 9, '21:04:00', '02:15:00', '2019-08-04', '2019-08-05'),
(19, 10, '19:43:00', '19:57:00', '2021-03-04', '2021-03-04'),
(19, 11, '03:04:00', '03:57:00', '2020-06-10', '2020-06-10'),
(19, 11, '15:47:00', '15:55:00', '2020-09-25', '2020-09-25'),
(19, 12, '11:56:00', '11:56:00', '2021-05-09', '2021-05-09'),
(19, 13, '01:49:00', '01:51:00', '2020-12-23', '2020-12-23'),
(19, 14, '00:46:00', '00:50:00', '2021-02-17', '2021-02-17'),
(19, 14, '08:58:00', '08:58:00', '2020-08-23', '2020-08-23'),
(19, 14, '10:16:00', '10:20:00', '2021-01-03', '2021-01-03'),
(19, 14, '16:53:00', '16:55:00', '2020-06-10', '2020-06-10'),
(19, 14, '17:13:00', '17:17:00', '2019-11-13', '2019-11-13'),
(19, 15, '04:05:00', '04:44:00', '2021-06-10', '2021-06-10'),
(19, 15, '10:39:00', '10:45:00', '2019-08-07', '2019-08-07'),
(19, 15, '21:42:00', '00:42:00', '2021-02-27', '2021-02-28'),
(19, 16, '17:52:00', '17:58:00', '2021-06-01', '2021-06-01'),
(19, 18, '01:52:00', '01:59:00', '2021-05-09', '2021-05-09'),
(19, 20, '11:59:00', '11:59:00', '2021-06-10', '2021-06-10'),
(19, 20, '20:06:00', '20:37:00', '2020-09-01', '2020-09-01'),
(19, 21, '00:56:00', '00:58:00', '2021-06-10', '2021-06-10'),
(19, 21, '03:45:00', '03:53:00', '2020-10-17', '2020-10-17'),
(19, 21, '10:17:00', '10:33:00', '2020-06-10', '2020-06-10'),
(19, 22, '04:40:00', '04:57:00', '2019-10-26', '2019-10-26'),
(19, 22, '17:56:00', '17:57:00', '2021-06-10', '2021-06-10'),
(19, 22, '22:39:00', '01:48:00', '2020-07-05', '2020-07-06'),
(19, 23, '04:27:00', '04:48:00', '2020-12-15', '2020-12-15'),
(19, 23, '10:30:00', '10:43:00', '2019-09-19', '2019-09-19'),
(19, 23, '14:00:00', '14:59:00', '2021-05-07', '2021-05-07'),
(19, 25, '15:19:00', '15:57:00', '2020-12-18', '2020-12-18'),
(19, 26, '07:44:00', '07:48:00', '2019-10-27', '2019-10-27'),
(19, 28, '06:01:00', '06:11:00', '2021-06-17', '2021-06-17'),
(19, 28, '19:32:00', '19:58:00', '2021-03-24', '2021-03-24'),
(19, 29, '09:52:00', '09:57:00', '2020-10-16', '2020-10-16'),
(19, 31, '21:56:00', '00:56:00', '2021-05-26', '2021-05-27'),
(19, 32, '16:39:00', '16:54:00', '2021-06-01', '2021-06-01'),
(19, 33, '04:05:00', '04:26:00', '2021-02-14', '2021-02-14'),
(19, 33, '11:53:00', '11:58:00', '2021-06-10', '2021-06-10'),
(19, 33, '14:19:00', '14:57:00', '2021-04-11', '2021-04-11'),
(19, 34, '12:24:00', '12:42:00', '2021-06-10', '2021-06-10'),
(19, 34, '20:05:00', '20:29:00', '2020-07-08', '2020-07-08'),
(19, 35, '01:19:00', '01:51:00', '2020-04-07', '2020-04-07'),
(19, 35, '11:21:00', '11:37:00', '2021-05-27', '2021-05-27'),
(19, 36, '04:47:00', '04:56:00', '2020-08-26', '2020-08-26'),
(19, 36, '07:13:00', '07:43:00', '2020-10-20', '2020-10-20'),
(19, 37, '03:00:00', '03:41:00', '2021-06-10', '2021-06-10'),
(19, 38, '11:02:00', '11:41:00', '2021-04-23', '2021-04-23'),
(19, 38, '23:08:00', '00:31:00', '2021-06-14', '2021-06-15'),
(19, 39, '07:16:00', '07:50:00', '2021-04-03', '2021-04-03'),
(19, 39, '15:56:00', '15:56:00', '2019-08-21', '2019-08-21'),
(19, 59, '01:18:00', '01:18:00', '2020-06-10', '2020-06-10'),
(19, 59, '05:07:00', '05:08:00', '2020-08-16', '2020-08-16'),
(19, 59, '06:21:00', '06:44:00', '2021-06-10', '2021-06-10'),
(19, 59, '10:57:00', '10:57:00', '2019-08-07', '2019-08-07'),
(19, 59, '12:08:00', '12:53:00', '2020-09-20', '2020-09-20'),
(19, 59, '23:40:00', '00:40:00', '2021-02-07', '2021-02-08');

-- --------------------------------------------------------

--
-- Structure for view `client_info`
--
DROP TABLE IF EXISTS `client_info`;

CREATE ALGORITHM=UNDEFINED DEFINER=`root`@`localhost` SQL SECURITY DEFINER VIEW `client_info`  AS SELECT `c`.`NFC_ID` AS `NFC_ID`, `c`.`Name` AS `Name`, `c`.`Surname` AS `Surname`, `c`.`Birthdate` AS `Birthdate`, `c`.`ID_Num` AS `ID_Num`, `c`.`ID_Type` AS `ID_type`, `c`.`ID_Issuer` AS `ID_Issuer`, `cm`.`Email` AS `Email`, `cp`.`Phone` AS `Phone` FROM ((`clients` `c` join `client_mail` `cm`) join `client_phone` `cp`) WHERE `c`.`NFC_ID` = `cm`.`NFC_ID` AND `c`.`NFC_ID` = `cp`.`NFC_ID` ;

-- --------------------------------------------------------

--
-- Structure for view `sales_per_service`
--
DROP TABLE IF EXISTS `sales_per_service`;

CREATE ALGORITHM=UNDEFINED DEFINER=`root`@`localhost` SQL SECURITY DEFINER VIEW `sales_per_service`  AS SELECT `s`.`Service_Description` AS `Service_Description`, count(0) AS `SALES` FROM (`services` `s` join `service_charge` `ch`) WHERE `s`.`Service_ID` = `ch`.`Service_ID` GROUP BY `s`.`Service_Description` ;

--
-- Indexes for dumped tables
--

--
-- Indexes for table `clients`
--
ALTER TABLE `clients`
  ADD PRIMARY KEY (`NFC_ID`),
  ADD KEY `Birthdate_Index` (`Birthdate`);
  

--
-- Indexes for table `client_mail`
--
ALTER TABLE `client_mail`
  ADD PRIMARY KEY (`NFC_ID`,`Email`);

--
-- Indexes for table `client_phone`
--
ALTER TABLE `client_phone`
  ADD PRIMARY KEY (`NFC_ID`,`Phone`);

--
-- Indexes for table `has_access`
--
ALTER TABLE `has_access`
  ADD PRIMARY KEY (`NFC_ID`,`Place_ID`),
  ADD KEY `accessPlace` (`Place_ID`);

--
-- Indexes for table `is_provided`
--
ALTER TABLE `is_provided`
  ADD PRIMARY KEY (`Service_ID`,`Place_ID`),
  ADD KEY `providedPlace` (`Place_ID`);

--
-- Indexes for table `non_subscription_services`
--
ALTER TABLE `non_subscription_services`
  ADD PRIMARY KEY (`Service_ID`);

--
-- Indexes for table `places`
--
ALTER TABLE `places`
  ADD PRIMARY KEY (`Place_ID`);

--
-- Indexes for table `services`
--
ALTER TABLE `services`
  ADD PRIMARY KEY (`Service_ID`);

--
-- Indexes for table `service_charge`
--
ALTER TABLE `service_charge`
  ADD PRIMARY KEY (`NFC_ID`,`Service_ID`,`Charge_Date`,`Charge_Time`),
  ADD KEY `Charge_Price_Index` (`Charge_Price`),
  ADD KEY `serchargeServices` (`Service_ID`);

--
-- Indexes for table `subscribes_to_services`
--
ALTER TABLE `subscribes_to_services`
  ADD PRIMARY KEY (`Service_ID`,`NFC_ID`),
  ADD KEY `substoNFC` (`NFC_ID`);

--
-- Indexes for table `subscription_services`
--
ALTER TABLE `subscription_services`
  ADD PRIMARY KEY (`Service_ID`);

--
-- Indexes for table `visits`
--
ALTER TABLE `visits`
  ADD PRIMARY KEY (`NFC_ID`,`Place_ID`,`Entrance_Time`,`Entrance_Date`),
  ADD KEY `Entrance_Date_Index` (`Entrance_Date`),
  ADD KEY `visitsPlaces` (`Place_ID`);

--
-- AUTO_INCREMENT for dumped tables
--

--
-- AUTO_INCREMENT for table `clients`
--
ALTER TABLE `clients`
  MODIFY `NFC_ID` int(11) UNSIGNED NOT NULL AUTO_INCREMENT, AUTO_INCREMENT=20;

--
-- AUTO_INCREMENT for table `places`
--
ALTER TABLE `places`
  MODIFY `Place_ID` int(11) UNSIGNED NOT NULL AUTO_INCREMENT, AUTO_INCREMENT=441;

--
-- AUTO_INCREMENT for table `services`
--
ALTER TABLE `services`
  MODIFY `Service_ID` int(11) UNSIGNED NOT NULL AUTO_INCREMENT, AUTO_INCREMENT=7;

--
-- Constraints for dumped tables
--

--
-- Constraints for table `client_mail`
--
ALTER TABLE `client_mail`
  ADD CONSTRAINT `ClientMail` FOREIGN KEY (`NFC_ID`) REFERENCES `clients` (`NFC_ID`) ON DELETE CASCADE ON UPDATE CASCADE;

--
-- Constraints for table `client_phone`
--
ALTER TABLE `client_phone`
  ADD CONSTRAINT `ClientPhone` FOREIGN KEY (`NFC_ID`) REFERENCES `clients` (`NFC_ID`) ON DELETE CASCADE ON UPDATE CASCADE;

--
-- Constraints for table `has_access`
--
ALTER TABLE `has_access`
  ADD CONSTRAINT `accessNFC` FOREIGN KEY (`NFC_ID`) REFERENCES `clients` (`NFC_ID`) ON DELETE CASCADE ON UPDATE CASCADE,
  ADD CONSTRAINT `accessPlace` FOREIGN KEY (`Place_ID`) REFERENCES `places` (`Place_ID`) ON DELETE CASCADE ON UPDATE CASCADE;

--
-- Constraints for table `is_provided`
--
ALTER TABLE `is_provided`
  ADD CONSTRAINT `providedPlace` FOREIGN KEY (`Place_ID`) REFERENCES `places` (`Place_ID`) ON DELETE CASCADE ON UPDATE CASCADE,
  ADD CONSTRAINT `providedServices` FOREIGN KEY (`Service_ID`) REFERENCES `services` (`Service_ID`) ON DELETE CASCADE ON UPDATE CASCADE;

--
-- Constraints for table `non_subscription_services`
--
ALTER TABLE `non_subscription_services`
  ADD CONSTRAINT `nonsubServices` FOREIGN KEY (`Service_ID`) REFERENCES `services` (`Service_ID`) ON DELETE CASCADE ON UPDATE CASCADE;

--
-- Constraints for table `service_charge`
--
ALTER TABLE `service_charge`
  ADD CONSTRAINT `serchargeNFC` FOREIGN KEY (`NFC_ID`) REFERENCES `clients` (`NFC_ID`) ON DELETE CASCADE ON UPDATE CASCADE,
  ADD CONSTRAINT `serchargeServices` FOREIGN KEY (`Service_ID`) REFERENCES `services` (`Service_ID`) ON DELETE CASCADE ON UPDATE CASCADE;

--
-- Constraints for table `subscribes_to_services`
--
-- -------------------------------------------------------------------------------------------------------
ALTER TABLE `subscribes_to_services`
  ADD CONSTRAINT `substoNFC` FOREIGN KEY (`NFC_ID`) REFERENCES `clients` (`NFC_ID`) ON DELETE CASCADE ON UPDATE CASCADE,
  ADD CONSTRAINT `substoServices` FOREIGN KEY (`Service_ID`) REFERENCES `subscription_services` (`Service_ID`) ON DELETE REJECT ON UPDATE CASCADE;
-- --------------------------------------------------------------------------------------------------------

--
-- Constraints for table `subscription_services`
--
ALTER TABLE `subscription_services`
  ADD CONSTRAINT `subscriptionservices` FOREIGN KEY (`Service_ID`) REFERENCES `services` (`Service_ID`) ON DELETE CASCADE ON UPDATE CASCADE;

--
-- Constraints for table `visits`
--
ALTER TABLE `visits`
  ADD CONSTRAINT `visitsNFC` FOREIGN KEY (`NFC_ID`) REFERENCES `clients` (`NFC_ID`) ON DELETE CASCADE ON UPDATE CASCADE,
  ADD CONSTRAINT `visitsPlaces` FOREIGN KEY (`Place_ID`) REFERENCES `places` (`Place_ID`) ON DELETE CASCADE ON UPDATE CASCADE;
COMMIT;


--CREATE INDEX Birthdate_Index ON clients(Birthdate)
--CREATE INDEX Charge_Price_Index ON service_charge(Charge_Price)
--CREATE INDEX Entrance_Date_Index ON visits(Entrance_Date)






/*!40101 SET CHARACTER_SET_CLIENT=@OLD_CHARACTER_SET_CLIENT */;
/*!40101 SET CHARACTER_SET_RESULTS=@OLD_CHARACTER_SET_RESULTS */;
/*!40101 SET COLLATION_CONNECTION=@OLD_COLLATION_CONNECTION */;
